event_id,title,url,start_dt_iso,start_date,start_time,segment,genre,subgenre,price_min,price_max,currency,venue,city,state,country,lat,lon,source,raw_market,start_ts,price_use
rZ7HnEZ1Af43PN,TMU Bold Men's Hockey - 2025-26 Season Pass,https://www.ticketweb.ca/event/tmu-bold-mens-hockey-mattamy-athletic-centre-tickets/14552963,2025-10-02T22:15:00Z,2025-10-02,18:15:00,Sports,Hockey,,110.0,110.0,CAD,Mattamy Athletic Centre,Toronto,ON,CA,43.662302,-79.379993,ticketmaster,,2025-10-02 22:15:00+00:00,110.0
16oZk1pPoZA2dC7u,National Geographic Live 2025-2026 Season Subscription,https://www.ticketmaster.ca/national-geographic-live-20252026-season-subscription-vancouver-british-columbia-10-15-2025/event/11006296951E2D3C,2025-10-16T02:30:00Z,2025-10-15,19:30:00,Miscellaneous,Community/Civic,Community/Civic,,,,Vancouver Playhouse,Vancouver,BC,CA,49.2777469,-123.1174817,ticketmaster,,2025-10-16 02:30:00+00:00,
rZ7HnEZ1Af44CK,TMU Bold Women's Volleyball - 2025-26 Season Pass,https://www.ticketweb.ca/event/tmu-bold-womens-volleyball-mattamy-athletic-centre-tickets/14555393,2025-10-23T22:00:00Z,2025-10-23,18:00:00,Sports,Volleyball,Volleyball,110.0,110.0,CAD,Mattamy Athletic Centre,Toronto,ON,CA,43.662302,-79.379993,ticketmaster,,2025-10-23 22:00:00+00:00,110.0
rZ7HnEZ1Af44GN,TMU Bold Men's Volleyball - 2025-26 Season Pass,https://www.ticketweb.ca/event/tmu-bold-mens-volleyball-mattamy-athletic-centre-tickets/14555323,2025-10-23T22:00:00Z,2025-10-23,18:00:00,Sports,Volleyball,Volleyball,110.0,110.0,CAD,Mattamy Athletic Centre,Toronto,ON,CA,43.662302,-79.379993,ticketmaster,,2025-10-23 22:00:00+00:00,110.0
rZ7HnEZ1Af430N,TMU Bold Women's Hockey - 2025-26 Season Pass,https://www.ticketweb.ca/event/tmu-bold-womens-hockey-mattamy-athletic-centre-tickets/14552923,2025-10-24T16:00:00Z,2025-10-24,12:00:00,Sports,Hockey,,110.0,110.0,CAD,Mattamy Athletic Centre,Toronto,ON,CA,43.662302,-79.379993,ticketmaster,,2025-10-24 16:00:00+00:00,110.0
rZ7HnEZ1Af4f_K,TMU Bold Women's Basketball - 2025-26 Season Pass,https://www.ticketweb.ca/event/tmu-bold-womens-basketball-mattamy-athletic-centre-tickets/14554653,2025-10-31T16:00:00Z,2025-10-31,12:00:00,Sports,Basketball,,110.0,110.0,CAD,Mattamy Athletic Centre,Toronto,ON,CA,43.662302,-79.379993,ticketmaster,,2025-10-31 16:00:00+00:00,110.0
rZ7HnEZ1Af4fbS,TMU Bold Men's Basketball - 2025-26 Season Pass,https://www.ticketweb.ca/event/tmu-bold-mens-basketball-mattamy-athletic-centre-tickets/14554633,2025-10-31T16:00:00Z,2025-10-31,12:00:00,Sports,Basketball,,110.0,110.0,CAD,Mattamy Athletic Centre,Toronto,ON,CA,43.662302,-79.379993,ticketmaster,,2025-10-31 16:00:00+00:00,110.0
1Ae0ZbwGklGcZWL,Casa Loma General Admission,https://www.ticketweb.ca/event/casa-loma-general-admission-casa-loma-tickets/14551163?REFERRAL_ID=tmfeed,2025-11-06T14:30:00Z,2025-11-06,09:30:00,Miscellaneous,Undefined,Undefined,,,,Casa Loma,Toronto,ON,CA,43.67813770,-79.40961500,ticketmaster,,2025-11-06 14:30:00+00:00,
1A8Zk1_Gkd2wVW3,Gifts Of Life: Israeli Play Series - Without An Evil Eye,https://www.ticketmaster.ca/gifts-of-life-israeli-play-series-toronto-ontario-11-06-2025/event/10006299CFCB4F52,2025-11-06T18:00:00Z,2025-11-06,13:00:00,Arts & Theatre,Theatre,Drama,,,,Meridian Arts Centre: Greenwin Theatre,Toronto,ON,CA,43.76605800,-79.41449500,ticketmaster,,2025-11-06 18:00:00+00:00,
1A8ZkGAGkdtK7oF,Brighton Beach Memoirs,https://www.ticketmaster.ca/brighton-beach-memoirs-toronto-ontario-11-06-2025/event/10006305E94C4448,2025-11-06T18:30:00Z,2025-11-06,13:30:00,Arts & Theatre,Theatre,Drama,,,,Meridian Arts Centre: Studio Theatre,Toronto,ON,CA,43.76613790,-79.41425050,ticketmaster,,2025-11-06 18:30:00+00:00,
1AsZkaoGkeP9sHs,Elles,https://www.ticketmaster.ca/elles-montreal-quebec-11-06-2025/event/31006251A55F1F31,2025-11-06T19:00:00Z,2025-11-06,14:00:00,Music,Chanson Francaise,Chanson Francaise,,,,CABARET DU CASINO DE MONTREAL,Montreal,QC,CA,45.50670840,-73.52595120,ticketmaster,,2025-11-06 19:00:00+00:00,
LvZ18QGBq_9KFaOZvWrsa,DARKFIELD: FLIGHT | TORONTO,https://www.universe.com/events/darkfield-flight-toronto-tickets-BZ3WQG?ref=ticketmaster,2025-11-06T22:10:00Z,2025-11-06,17:10:00,Arts & Theatre,Multimedia,Multimedia,,,,STACKT Market,Toronto,ON,CA,43.64095700,-79.40217000,ticketmaster,,2025-11-06 22:10:00+00:00,
LvZ18QGBq_9KFaOZvWrs1,DARKFIELD: FLIGHT | TORONTO,https://www.universe.com/events/darkfield-flight-toronto-tickets-BZ3WQG?ref=ticketmaster,2025-11-06T22:40:00Z,2025-11-06,17:40:00,Arts & Theatre,Multimedia,Multimedia,,,,STACKT Market,Toronto,ON,CA,43.64095700,-79.40217000,ticketmaster,,2025-11-06 22:40:00+00:00,
rZ7HnEZ1AKPbe7,TMU Bold vs Queen's (Men's Volleyball),https://www.ticketweb.ca/event/tmu-bold-vs-queens-mens-mattamy-athletic-centre-tickets/13958084,2025-11-06T23:00:00Z,2025-11-06,18:00:00,Sports,Volleyball,Volleyball,9.0,14.0,CAD,Mattamy Athletic Centre,Toronto,ON,CA,43.662302,-79.379993,ticketmaster,,2025-11-06 23:00:00+00:00,9.0
177ZvxG6GUptoNE,LENNY PEARCE'S USA TODDLER TECHNO TOUR - PART 2,https://admitone.com/events/lenny-pearce-toronto-10060947,2025-11-06T23:00:00Z,2025-11-06,18:00:00,Music,Dance/Electronic,Witchstep,,,,Queen Elizabeth Theatre,Toronto,ON,CA,43.63259410,-79.42039150,ticketmaster,,2025-11-06 23:00:00+00:00,
LvZ18QGB4A6KFaOZvWrv3,DARKFIELD: SÉANCE | TORONTO,https://www.universe.com/events/darkfield-seance-toronto-tickets-51NJ8D?ref=ticketmaster,2025-11-06T23:00:00Z,2025-11-06,18:00:00,Arts & Theatre,Multimedia,Multimedia,,,,STACKT Market,Toronto,ON,CA,43.64095700,-79.40217000,ticketmaster,,2025-11-06 23:00:00+00:00,
LvZ18QGBq_9KFaOZvWrs5,DARKFIELD: FLIGHT | TORONTO,https://www.universe.com/events/darkfield-flight-toronto-tickets-BZ3WQG?ref=ticketmaster,2025-11-06T23:10:00Z,2025-11-06,18:10:00,Arts & Theatre,Multimedia,Multimedia,,,,STACKT Market,Toronto,ON,CA,43.64095700,-79.40217000,ticketmaster,,2025-11-06 23:10:00+00:00,
rZ7HnEZ1AKPK_f,TMU Bold vs Brock (Women's Hockey),https://www.ticketweb.ca/event/tmu-bold-vs-brock-womens-mattamy-athletic-centre-tickets/13953654,2025-11-06T23:15:00Z,2025-11-06,18:15:00,Sports,Hockey,,9.0,14.0,CAD,Mattamy Athletic Centre,Toronto,ON,CA,43.662302,-79.379993,ticketmaster,,2025-11-06 23:15:00+00:00,9.0
LvZ18QGBq_9KFaOZvWrsG,DARKFIELD: FLIGHT | TORONTO,https://www.universe.com/events/darkfield-flight-toronto-tickets-BZ3WQG?ref=ticketmaster,2025-11-06T23:40:00Z,2025-11-06,18:40:00,Arts & Theatre,Multimedia,Multimedia,,,,STACKT Market,Toronto,ON,CA,43.64095700,-79.40217000,ticketmaster,,2025-11-06 23:40:00+00:00,
rZ7HnEZ1AffJaS,Pink Mountaintops,https://www.ticketweb.ca/event/pink-mountaintops-monarch-tavern-tickets/14526273,2025-11-07T00:00:00Z,2025-11-06,19:00:00,Music,Rock,Pop,27.75,27.75,CAD,Monarch Tavern,Toronto,ON,CA,43.654030,-79.413680,ticketmaster,,2025-11-07 00:00:00+00:00,27.75
rZ7HnEZ1Af4Ykd,The Slim Kings,https://www.ticketweb.ca/event/the-slim-kings-the-sound-garage-tickets/14570183,2025-11-07T00:00:00Z,2025-11-06,19:00:00,Music,Alternative,Alternative Rock,28.75,28.75,CAD,The Sound Garage,Toronto,ON,CA,43.669849,-79.436218,ticketmaster,,2025-11-07 00:00:00+00:00,28.75
rZ7HnEZ1Aff_kd,Patrick Wolf,https://www.ticketweb.ca/event/patrick-wolf-longboat-hall-tickets/14519183,2025-11-07T00:00:00Z,2025-11-06,19:00:00,Music,Alternative,Baroque Pop,35.42,37.74,CAD,Longboat Hall,Toronto,ON,CA,43.643000,-79.422160,ticketmaster,,2025-11-07 00:00:00+00:00,35.42
rZ7HnEZ1AKOM3f,THEARTI$T,https://www.ticketweb.ca/event/theartit-drake-underground-tickets/13837494,2025-11-07T00:00:00Z,2025-11-06,19:00:00,Music,R&B,Contemporary R&B,37.99,95.11,CAD,Drake Underground,Toronto,ON,CA,43.643290,-79.424630,ticketmaster,,2025-11-07 00:00:00+00:00,37.99
177ZvxG62rCfscb,Yuuf,https://www.ticketmaster.ca/yuuf-toronto-ontario-11-06-2025/event/100062F78E531B58,2025-11-07T00:00:00Z,2025-11-06,19:00:00,Music,Rock,Alternative Rock,,,,The Baby G,Toronto,ON,CA,43.65001900,-79.43540400,ticketmaster,,2025-11-07 00:00:00+00:00,
177ZvxG6CS3Ifun,Lil Tecca: The Dopamine Experience,https://www.ticketmaster.ca/lil-tecca-the-dopamine-experience-toronto-ontario-11-06-2025/event/100062ECD2A1436A,2025-11-07T00:00:00Z,2025-11-06,19:00:00,Music,Hip-Hop/Rap,French Rap,,,,REBEL,Toronto,ON,CA,43.64155480,-79.35402460,ticketmaster,,2025-11-07 00:00:00+00:00,
1AvZZbsGkYsPJjZ,Kennyhoopla: Conditions of an Orphan Tour,https://www.ticketmaster.ca/kennyhoopla-conditions-of-an-orphan-tour-toronto-ontario-11-06-2025/event/1000631C31966700,2025-11-07T00:00:00Z,2025-11-06,19:00:00,Music,Dance/Electronic,Witchstep,,,,The Garrison,Toronto,ON,CA,43.64927320,-79.42230750,ticketmaster,,2025-11-07 00:00:00+00:00,
LvZ18QGB4A6KFaOZvWrvf,DARKFIELD: SÉANCE | TORONTO,https://www.universe.com/events/darkfield-seance-toronto-tickets-51NJ8D?ref=ticketmaster,2025-11-07T00:00:00Z,2025-11-06,19:00:00,Arts & Theatre,Multimedia,Multimedia,,,,STACKT Market,Toronto,ON,CA,43.64095700,-79.40217000,ticketmaster,,2025-11-07 00:00:00+00:00,
1Ad7ZbJGkBVEK-A,Noel Miller Live!,https://www.ticketmaster.ca/noel-miller-live-montreal-quebec-11-06-2025/event/3100626EB49D3845,2025-11-07T00:00:00Z,2025-11-06,19:00:00,Arts & Theatre,Comedy,Comedy,,,,L'Olympia,Montreal,QC,CA,45.51701000,-73.55687400,ticketmaster,,2025-11-07 00:00:00+00:00,
LvZ18QGBq_9KFaOZvWrsu,DARKFIELD: FLIGHT | TORONTO,https://www.universe.com/events/darkfield-flight-toronto-tickets-BZ3WQG?ref=ticketmaster,2025-11-07T00:10:00Z,2025-11-06,19:10:00,Arts & Theatre,Multimedia,Multimedia,,,,STACKT Market,Toronto,ON,CA,43.64095700,-79.40217000,ticketmaster,,2025-11-07 00:10:00+00:00,
177ZvxG61bNQfNH,Aunty Donna: DREM,https://www.ticketmaster.ca/aunty-donna-drem-toronto-ontario-11-06-2025/event/100062A6236948FC,2025-11-07T00:30:00Z,2025-11-06,19:30:00,Arts & Theatre,Theatre,Comedy,,,,Meridian Hall,Toronto,ON,CA,43.64681820,-79.37666570,ticketmaster,,2025-11-07 00:30:00+00:00,
LvZ18QGB4A6KFaOZvWrv4,DARKFIELD: SÉANCE | TORONTO,https://www.universe.com/events/darkfield-seance-toronto-tickets-51NJ8D?ref=ticketmaster,2025-11-07T00:30:00Z,2025-11-06,19:30:00,Arts & Theatre,Multimedia,Multimedia,,,,STACKT Market,Toronto,ON,CA,43.64095700,-79.40217000,ticketmaster,,2025-11-07 00:30:00+00:00,
1asZkao0p74Ze27,Elles,https://www.ticketmaster.ca/elles-montreal-quebec-11-06-2025/event/31006251916115E3,2025-11-07T00:30:00Z,2025-11-06,19:30:00,Arts & Theatre,Variety,Cabaret,,,,CABARET DU CASINO DE MONTREAL,Montreal,QC,CA,45.50670840,-73.52595120,ticketmaster,,2025-11-07 00:30:00+00:00,
17G8vxG6unLwePn,Mrs. Doubtfire,https://www.ticketmaster.ca/mrs-doubtfire-ottawa-ontario-11-06-2025/event/310062DA9FC8296A,2025-11-07T00:30:00Z,2025-11-06,19:30:00,Arts & Theatre,Theatre,Musical,,,,National Arts Centre / Centre national des Arts,Ottawa,ON,CA,45.42323700,-75.69222800,ticketmaster,,2025-11-07 00:30:00+00:00,
rZ7HnEZ1AKxdAV,The Besnard Lakes with Status/Non-Status,https://www.ticketweb.ca/event/the-besnard-lakes-with-statusnon-lees-palace-tickets/13883174,2025-11-07T01:00:00Z,2025-11-06,20:00:00,Music,Rock,Pop,37.4,37.4,CAD,Lee's Palace,Toronto,ON,CA,43.665249,-79.409447,ticketmaster,,2025-11-07 01:00:00+00:00,37.4
177ZvxG65mwze3G,The Beaches - No Hard Feelings Tour,https://www.ticketmaster.ca/the-beaches-no-hard-feelings-tour-toronto-ontario-11-06-2025/event/100062BBB2E0248C,2025-11-07T01:00:00Z,2025-11-06,20:00:00,Music,Rock,Alternative Rock,,,,Scotiabank Arena,Toronto,ON,CA,43.64392540,-79.37832340,ticketmaster,,2025-11-07 01:00:00+00:00,
1A8Zk1_Gkd2D0WS,Gifts Of Life: Israeli Play Series - Without An Evil Eye,https://www.ticketmaster.ca/gifts-of-life-israeli-play-series-toronto-ontario-11-06-2025/event/10006299CFEE4F73,2025-11-07T01:00:00Z,2025-11-06,20:00:00,Arts & Theatre,Theatre,Drama,,,,Meridian Arts Centre: Greenwin Theatre,Toronto,ON,CA,43.76605800,-79.41449500,ticketmaster,,2025-11-07 01:00:00+00:00,
1A8ZkG0GkeScKYD,Sofia Camara,https://www.ticketmaster.ca/sofia-camara-toronto-ontario-11-06-2025/event/10006324B3B53C3B,2025-11-07T01:00:00Z,2025-11-06,20:00:00,Music,Pop,Pop,,,,TD Music Hall - Allied Music Centre,Toronto,ON,CA,43.65407000,-79.37901000,ticketmaster,,2025-11-07 01:00:00+00:00,
LvZ18QGB4A6KFaOZvWrvp,DARKFIELD: SÉANCE | TORONTO,https://www.universe.com/events/darkfield-seance-toronto-tickets-51NJ8D?ref=ticketmaster,2025-11-07T01:00:00Z,2025-11-06,20:00:00,Arts & Theatre,Multimedia,Multimedia,,,,STACKT Market,Toronto,ON,CA,43.64095700,-79.40217000,ticketmaster,,2025-11-07 01:00:00+00:00,
Z7r9jZ1A7_yj_,Cindy Lee,https://www.ticketmaster.com/event/Z7r9jZ1A7_yj_,2025-11-07T01:00:00Z,2025-11-06,20:00:00,Undefined,,,,,,Massey Hall,Toronto,ON,CA,0,0,ticketmaster,,2025-11-07 01:00:00+00:00,
1Ad7ZbPGkS6WVDs,Coeur De Pirate,https://www.ticketmaster.ca/coeur-de-pirate-montreal-quebec-11-06-2025/event/3100625CC7F74EF1,2025-11-07T01:00:00Z,2025-11-06,20:00:00,Music,Chanson Francaise,Chanson Francaise,,,,MTELUS,Montreal,QC,CA,45.51053480,-73.56337200,ticketmaster,,2025-11-07 01:00:00+00:00,
LvZ18QCyx8RBXJYZ0opAx,DOOM GONG w/ Karma Glider and DahL,https://www.universe.com/events/doom-gong-w-karma-glider-and-dahl-tickets-WH395N?ref=ticketmaster,2025-11-07T01:00:00Z,2025-11-06,20:00:00,,,,,,,Bar le Ritz PDB,Montreal,QC,CA,45.53277000,-73.62028000,ticketmaster,,2025-11-07 01:00:00+00:00,
LvZ18_XgoYmEMKZZmTj5V,GEORGIA HARMER,https://www.universe.com/events/georgia-harmer-tickets-32MKXT?ref=ticketmaster,2025-11-07T01:00:00Z,2025-11-06,20:00:00,Music,Pop,Pop,,,,La Sala Rossa,Montreal,QC,CA,45.52178900,-73.59045300,ticketmaster,,2025-11-07 01:00:00+00:00,
LvZ18QGBq_9KFaOZvWrs2,DARKFIELD: FLIGHT | TORONTO,https://www.universe.com/events/darkfield-flight-toronto-tickets-BZ3WQG?ref=ticketmaster,2025-11-07T01:10:00Z,2025-11-06,20:10:00,Arts & Theatre,Multimedia,Multimedia,,,,STACKT Market,Toronto,ON,CA,43.64095700,-79.40217000,ticketmaster,,2025-11-07 01:10:00+00:00,
rZ7HnEZ1Af4-7K,"MAJORS, Holly Acres, This Disaster",https://www.ticketweb.ca/event/majors-holly-acres-this-disaster-rainbow-bistro-tickets/14561113,2025-11-07T01:30:00Z,2025-11-06,20:30:00,Music,Rock,Rock,20.67,20.67,CAD,Rainbow Bistro,Ottawa,ON,CA,45.42969845927739,-75.69382528589892,ticketmaster,,2025-11-07 01:30:00+00:00,20.67
LvZ18QGB4A6KFaOZvWrv9,DARKFIELD: SÉANCE | TORONTO,https://www.universe.com/events/darkfield-seance-toronto-tickets-51NJ8D?ref=ticketmaster,2025-11-07T01:30:00Z,2025-11-06,20:30:00,Arts & Theatre,Multimedia,Multimedia,,,,STACKT Market,Toronto,ON,CA,43.64095700,-79.40217000,ticketmaster,,2025-11-07 01:30:00+00:00,
LvZ18QGBq_9KFaOZvWrs8,DARKFIELD: FLIGHT | TORONTO,https://www.universe.com/events/darkfield-flight-toronto-tickets-BZ3WQG?ref=ticketmaster,2025-11-07T01:40:00Z,2025-11-06,20:40:00,Arts & Theatre,Multimedia,Multimedia,,,,STACKT Market,Toronto,ON,CA,43.64095700,-79.40217000,ticketmaster,,2025-11-07 01:40:00+00:00,
16tZkG6GtZA8eF1d,Skepsis,https://www.ticketweb.ca/event/skepsis-coda-tickets/13940394?REFERRAL_ID=tmfeed,2025-11-07T02:00:00Z,2025-11-06,21:00:00,Music,Rock,Pop,,,,CODA,Toronto,ON,CA,43.66536500,-79.41149000,ticketmaster,,2025-11-07 02:00:00+00:00,
177ZvxG61Df0V7w,jigitz,https://www.ticketmaster.ca/jigitz-toronto-ontario-11-06-2025/event/100062AED4934132,2025-11-07T02:00:00Z,2025-11-06,21:00:00,Music,Dance/Electronic,Witchstep,,,,The Mod Club (formerly known as The Axis Club),Toronto,ON,CA,43.65516550,-79.41906360,ticketmaster,,2025-11-07 02:00:00+00:00,
LvZ18QGB4A6KFaOZvWrvb,DARKFIELD: SÉANCE | TORONTO,https://www.universe.com/events/darkfield-seance-toronto-tickets-51NJ8D?ref=ticketmaster,2025-11-07T02:00:00Z,2025-11-06,21:00:00,Arts & Theatre,Multimedia,Multimedia,,,,STACKT Market,Toronto,ON,CA,43.64095700,-79.40217000,ticketmaster,,2025-11-07 02:00:00+00:00,
1778vxG62kHP0C9,Calgary Wranglers vs San Jose Barracuda,https://www.ticketmaster.ca/calgary-wranglers-vs-san-jose-barracuda-calgary-alberta-11-06-2025/event/110062F1BC964397,2025-11-07T02:00:00Z,2025-11-06,19:00:00,Sports,Hockey,AHL,,,,Scotiabank Saddledome,Calgary,AB,CA,51.03856260,-114.05248790,ticketmaster,,2025-11-07 02:00:00+00:00,
LvZ18QGB4A6KFaOZvWrv_,DARKFIELD: SÉANCE | TORONTO,https://www.universe.com/events/darkfield-seance-toronto-tickets-51NJ8D?ref=ticketmaster,2025-11-07T02:30:00Z,2025-11-06,21:30:00,Arts & Theatre,Multimedia,Multimedia,,,,STACKT Market,Toronto,ON,CA,43.64095700,-79.40217000,ticketmaster,,2025-11-07 02:30:00+00:00,
1778vxG62wiuwl0,Foreigner,https://www.ticketmaster.ca/foreigner-calgary-alberta-11-06-2025/event/110062FCAC372AE4,2025-11-07T02:30:00Z,2025-11-06,19:30:00,Music,Rock,Pop,,,,WinSport Event Centre,Calgary,AB,CA,51.08238200,-114.21527300,ticketmaster,,2025-11-07 02:30:00+00:00,
1Av7ZbYGkSeAKNH,Foreigner WinSport Hockey House Pre Show Experience - Opens at 6.30pm,https://www.ticketmaster.ca/foreigner-winsport-hockey-house-pre-show-calgary-alberta-11-06-2025/event/1100630CC21538FC,2025-11-07T02:30:00Z,2025-11-06,19:30:00,Miscellaneous,Undefined,Undefined,,,,WinSport Event Centre,Calgary,AB,CA,51.08238200,-114.21527300,ticketmaster,,2025-11-07 02:30:00+00:00,
LvZ18QGBq_9KFaOZvWrs3,DARKFIELD: FLIGHT | TORONTO,https://www.universe.com/events/darkfield-flight-toronto-tickets-BZ3WQG?ref=ticketmaster,2025-11-07T02:40:00Z,2025-11-06,21:40:00,Arts & Theatre,Multimedia,Multimedia,,,,STACKT Market,Toronto,ON,CA,43.64095700,-79.40217000,ticketmaster,,2025-11-07 02:40:00+00:00,
rZ7HnEZ1AfbE0N,The Velvet Tour,https://www.ticketweb.ca/event/the-velvet-tour-fortune-sound-club-tickets/14627923,2025-11-07T03:00:00Z,2025-11-06,19:00:00,Miscellaneous,,,108.25,108.25,CAD,Fortune Sound Club,Vancouver,BC,CA,49.280528,-123.100751,ticketmaster,,2025-11-07 03:00:00+00:00,108.25
1778vxG61DuUVYF,NoSo,https://www.ticketmaster.ca/noso-vancouver-british-columbia-11-06-2025/event/110062AECDDB4C08,2025-11-07T03:00:00Z,2025-11-06,19:00:00,Music,Rock,Alternative Rock,,,,The Fox Cabaret,Vancouver,BC,CA,49.26425900,-123.10118200,ticketmaster,,2025-11-07 03:00:00+00:00,
1778vxG61p4Xoy4,Waylon Wyatt: Out of the Blue Tour,https://www.ticketmaster.ca/waylon-wyatt-out-of-the-blue-vancouver-british-columbia-11-06-2025/event/110062A595F91E55,2025-11-07T03:00:00Z,2025-11-06,19:00:00,Music,Country,Country,,,,Hollywood Theatre,Vancouver,BC,CA,49.26444400,-123.17456100,ticketmaster,,2025-11-07 03:00:00+00:00,
1k78vxJbGAuI34r,Eric Church: Free The Machine Tour,https://www.ticketmaster.ca/eric-church-free-the-machine-tour-vancouver-british-columbia-11-06-2025/event/110062998DA1255E,2025-11-07T03:30:00Z,2025-11-06,19:30:00,Music,Country,Country,,,,Rogers Arena,Vancouver,BC,CA,49.27766120,-123.10810740,ticketmaster,,2025-11-07 03:30:00+00:00,
rZ7HnEZ1Af4dkK,康姆士COM'Z,https://www.ticketweb.ca/event/comz-rickshaw-theatre-tickets/14543193,2025-11-07T04:00:00Z,2025-11-06,20:00:00,Music,Pop,Pop,52.78,52.78,CAD,Rickshaw Theatre,Vancouver,BC,CA,49.280983,-123.098359,ticketmaster,,2025-11-07 04:00:00+00:00,52.78
rZ7HnEZ1AfowJd,Wine Lips with Mister Pets & Sleep Country,https://www.ticketweb.ca/event/wine-lips-with-mister-pets-the-pearl-tickets/14472983,2025-11-07T04:30:00Z,2025-11-06,20:30:00,Music,Alternative,Alternative,38.95,38.95,CAD,The Pearl,Vancouver,BC,CA,49.280658,-123.121407,ticketmaster,,2025-11-07 04:30:00+00:00,38.95
16d7ZbS39G7MAwF,Visites Guidées Centre Bell - Bell Centre,https://www.ticketmaster.ca/visites-guidees-centre-bell-bell-centre-montreal-quebec-11-06-2025/event/3100633497DC5C88,2025-11-07T04:59:00Z,2025-11-06,23:59:00,Miscellaneous,Undefined,Undefined,,,,Centre Bell,Montreal,QC,CA,45.49612900,-73.57047200,ticketmaster,,2025-11-07 04:59:00+00:00,
1atZkGIaaZEZe5d,Stacked Pres: Jessica Audiffred (Cgy),https://www.ticketweb.ca/event/stacked-pres-jessica-audiffred-cgy-commonwealth-bar-stage-tickets/14546923?REFERRAL_ID=tmfeed,2025-11-07T05:00:00Z,2025-11-06,22:00:00,Music,Dance/Electronic,Witchstep,,,,Commonwealth Bar,Calgary,AB,CA,51.04357100,-114.07829800,ticketmaster,,2025-11-07 05:00:00+00:00,
16e0Zbw-FG7zxrz,Odd Mob,https://www.ticketweb.ca/event/odd-mob-celebrities-nightclub-tickets/14547413?REFERRAL_ID=tmfeed,2025-11-07T06:00:00Z,2025-11-06,22:00:00,Music,Dance/Electronic,Witchstep,,,,Celebrities,Vancouver,BC,CA,49.27967200,-123.13029300,ticketmaster,,2025-11-07 06:00:00+00:00,
1Ae0ZbwGklGYof_,Casa Loma General Admission,https://www.ticketweb.ca/event/casa-loma-general-admission-casa-loma-tickets/14551173?REFERRAL_ID=tmfeed,2025-11-07T14:30:00Z,2025-11-07,09:30:00,Miscellaneous,Undefined,Undefined,,,,Casa Loma,Toronto,ON,CA,43.67813770,-79.40961500,ticketmaster,,2025-11-07 14:30:00+00:00,
LvZ18QGBq_QW7Z8ZvXao1,DARKFIELD: FLIGHT | TORONTO,https://www.universe.com/events/darkfield-flight-toronto-tickets-BZ3WQG?ref=ticketmaster,2025-11-07T21:10:00Z,2025-11-07,16:10:00,Arts & Theatre,Multimedia,Multimedia,,,,STACKT Market,Toronto,ON,CA,43.64095700,-79.40217000,ticketmaster,,2025-11-07 21:10:00+00:00,
LvZ18QGBq_QW7Z8ZvXao5,DARKFIELD: FLIGHT | TORONTO,https://www.universe.com/events/darkfield-flight-toronto-tickets-BZ3WQG?ref=ticketmaster,2025-11-07T21:40:00Z,2025-11-07,16:40:00,Arts & Theatre,Multimedia,Multimedia,,,,STACKT Market,Toronto,ON,CA,43.64095700,-79.40217000,ticketmaster,,2025-11-07 21:40:00+00:00,
LvZ18QGBq_QW7Z8ZvXaoG,DARKFIELD: FLIGHT | TORONTO,https://www.universe.com/events/darkfield-flight-toronto-tickets-BZ3WQG?ref=ticketmaster,2025-11-07T22:10:00Z,2025-11-07,17:10:00,Arts & Theatre,Multimedia,Multimedia,,,,STACKT Market,Toronto,ON,CA,43.64095700,-79.40217000,ticketmaster,,2025-11-07 22:10:00+00:00,
LvZ18QGB4A6KFaOZvWrep,DARKFIELD: SÉANCE | TORONTO,https://www.universe.com/events/darkfield-seance-toronto-tickets-51NJ8D?ref=ticketmaster,2025-11-07T22:30:00Z,2025-11-07,17:30:00,Arts & Theatre,Multimedia,Multimedia,,,,STACKT Market,Toronto,ON,CA,43.64095700,-79.40217000,ticketmaster,,2025-11-07 22:30:00+00:00,
LvZ18QGBq_QW7Z8ZvXaou,DARKFIELD: FLIGHT | TORONTO,https://www.universe.com/events/darkfield-flight-toronto-tickets-BZ3WQG?ref=ticketmaster,2025-11-07T22:40:00Z,2025-11-07,17:40:00,Arts & Theatre,Multimedia,Multimedia,,,,STACKT Market,Toronto,ON,CA,43.64095700,-79.40217000,ticketmaster,,2025-11-07 22:40:00+00:00,
rZ7HnEZ1AKPb7f,TMU Bold vs Queen's (Men's Volleyball),https://www.ticketweb.ca/event/tmu-bold-vs-queens-mens-mattamy-athletic-centre-tickets/13958114,2025-11-07T23:00:00Z,2025-11-07,18:00:00,Sports,Volleyball,Volleyball,9.0,14.0,CAD,Mattamy Athletic Centre,Toronto,ON,CA,43.662302,-79.379993,ticketmaster,,2025-11-07 23:00:00+00:00,9.0
LvZ18QGB4A6KFaOZvWre9,DARKFIELD: SÉANCE | TORONTO,https://www.universe.com/events/darkfield-seance-toronto-tickets-51NJ8D?ref=ticketmaster,2025-11-07T23:00:00Z,2025-11-07,18:00:00,Arts & Theatre,Multimedia,Multimedia,,,,STACKT Market,Toronto,ON,CA,43.64095700,-79.40217000,ticketmaster,,2025-11-07 23:00:00+00:00,
rZ7HnEZ1AKPKG0,TMU Bold vs Lakehead (Men's Hockey),https://www.ticketweb.ca/event/tmu-bold-vs-lakehead-mens-mattamy-athletic-centre-tickets/13953324,2025-11-07T23:15:00Z,2025-11-07,18:15:00,Sports,Hockey,,9.0,14.0,CAD,Mattamy Athletic Centre,Toronto,ON,CA,43.662302,-79.379993,ticketmaster,,2025-11-07 23:15:00+00:00,9.0
rZ7HnEZ1AfpK0N,"A Little Leverage w/ Not All Humans, Waiting On Mercy & Dylan Forshner",https://www.ticketweb.ca/event/a-little-leverage-w-not-sneaky-dees-concert-venue-tickets/14593923,2025-11-07T23:30:00Z,2025-11-07,18:30:00,Music,Alternative,Alternative,16.48,16.48,CAD,Sneaky Dee's Concert Venue,Toronto,ON,CA,43.656413,-79.4074860,ticketmaster,,2025-11-07 23:30:00+00:00,16.48
LvZ18QGB4A6KFaOZvWreb,DARKFIELD: SÉANCE | TORONTO,https://www.universe.com/events/darkfield-seance-toronto-tickets-51NJ8D?ref=ticketmaster,2025-11-07T23:30:00Z,2025-11-07,18:30:00,Arts & Theatre,Multimedia,Multimedia,,,,STACKT Market,Toronto,ON,CA,43.64095700,-79.40217000,ticketmaster,,2025-11-07 23:30:00+00:00,
LvZ18QGBq_QW7Z8ZvXao2,DARKFIELD: FLIGHT | TORONTO,https://www.universe.com/events/darkfield-flight-toronto-tickets-BZ3WQG?ref=ticketmaster,2025-11-07T23:40:00Z,2025-11-07,18:40:00,Arts & Theatre,Multimedia,Multimedia,,,,STACKT Market,Toronto,ON,CA,43.64095700,-79.40217000,ticketmaster,,2025-11-07 23:40:00+00:00,
rZ7HnEZ1Af4V8K,Mix Webster / Tribute to Max Webster,https://www.ticketweb.ca/event/mix-webster-tribute-to-the-rockpile-bar-nightclub-tickets/14574413,2025-11-08T00:00:00Z,2025-11-07,19:00:00,Music,Rock,Hard Rock,28.75,28.75,CAD,The Rockpile Bar & Nightclub,Toronto,ON,CA,43.629420,-79.548931,ticketmaster,,2025-11-08 00:00:00+00:00,28.75
rZ7HnEZ1AffIbd,Boris,https://www.ticketweb.ca/event/boris-the-phoenix-concert-theatre-tickets/14528603,2025-11-08T00:00:00Z,2025-11-07,19:00:00,Music,Rock,Experimental Rock,49.32,49.32,CAD,The Phoenix Concert Theatre,Toronto,ON,CA,43.664730,-79.374200,ticketmaster,,2025-11-08 00:00:00+00:00,49.32
rZ7HnEZ1Aff_oK,Durand Jones & The Indications,https://www.ticketweb.ca/event/durand-jones-the-indications-the-concert-hall-tickets/14519453,2025-11-08T00:00:00Z,2025-11-07,19:00:00,Music,R&B,Soul,52.67,179.36,CAD,The Concert Hall,Toronto,ON,CA,43.673080,-79.388420,ticketmaster,,2025-11-08 00:00:00+00:00,52.67
177ZvxG626_dPGb,Walk Off the Earth,https://www.ticketmaster.ca/walk-off-the-earth-toronto-ontario-11-07-2025/event/100062F1D90E5318,2025-11-08T00:00:00Z,2025-11-07,19:00:00,Music,Rock,Pop,,,,Massey Hall,Toronto,ON,CA,43.65418690,-79.37899750,ticketmaster,,2025-11-08 00:00:00+00:00,
177ZvxG62duiVEQ,The Aces - Gold Star Baby Tour,https://www.ticketmaster.ca/the-aces-gold-star-baby-tour-toronto-ontario-11-07-2025/event/100062F0CDB349DA,2025-11-08T00:00:00Z,2025-11-07,19:00:00,Music,Rock,Pop,,,,The Mod Club (formerly known as The Axis Club),Toronto,ON,CA,43.65516550,-79.41906360,ticketmaster,,2025-11-08 00:00:00+00:00,
177ZvxG6CRJFPd7,Rob49 - Life of Da Party Tour,https://www.ticketmaster.ca/rob49-life-of-da-party-tour-toronto-ontario-11-07-2025/event/100062EBE62250C4,2025-11-08T00:00:00Z,2025-11-07,19:00:00,Music,Hip-Hop/Rap,French Rap,,,,The Opera House,Toronto,ON,CA,43.65900020,-79.34877430,ticketmaster,,2025-11-08 00:00:00+00:00,
1A8ZkFMGkeJj-BP,JACK'S MANNEQUIN - THE MFEO TOUR,https://www.ticketmaster.ca/jacks-mannequin-the-mfeo-tour-toronto-ontario-11-07-2025/event/10006237A6721EA5,2025-11-08T00:00:00Z,2025-11-07,19:00:00,Music,Rock,Alternative Rock,,,,History,Toronto,ON,CA,43.66684147,-79.31351149,ticketmaster,,2025-11-08 00:00:00+00:00,
1A8Zka3GkdoMw8z,The Wombats - Oh! The Ocean Tour,https://www.ticketmaster.ca/the-wombats-oh-the-ocean-tour-toronto-ontario-11-07-2025/event/10006252D1DF2438,2025-11-08T00:00:00Z,2025-11-07,19:00:00,Music,Rock,Alternative Rock,,,,The Danforth Music Hall,Toronto,ON,CA,43.67644920,-79.35710140,ticketmaster,,2025-11-08 00:00:00+00:00,
1AvZZbJGkSaqxtl,Noel Miller Live!,https://www.ticketmaster.ca/noel-miller-live-toronto-ontario-11-07-2025/event/1000626CC9762A6B,2025-11-08T00:00:00Z,2025-11-07,19:00:00,Arts & Theatre,Comedy,Comedy,,,,The Elgin & Winter Garden Theatres,Toronto,ON,CA,43.65291940,-79.37945170,ticketmaster,,2025-11-08 00:00:00+00:00,
1k7Zv-OzGA2p8mz,HEP Canadian Show Jumping Championship/ Mad Barn Indoor Eventing,https://www.ticketmaster.ca/hep-canadian-show-jumping-championship-mad-toronto-ontario-11-07-2025/event/100061838F590BB8,2025-11-08T00:00:00Z,2025-11-07,19:00:00,Sports,Equestrian,Equestrian,,,,Coca-Cola Coliseum,Toronto,ON,CA,43.63509680,-79.41572430,ticketmaster,,2025-11-08 00:00:00+00:00,
LvZ18QGB4A6KFaOZvWre_,DARKFIELD: SÉANCE | TORONTO,https://www.universe.com/events/darkfield-seance-toronto-tickets-51NJ8D?ref=ticketmaster,2025-11-08T00:00:00Z,2025-11-07,19:00:00,Arts & Theatre,Multimedia,Multimedia,,,,STACKT Market,Toronto,ON,CA,43.64095700,-79.40217000,ticketmaster,,2025-11-08 00:00:00+00:00,
Z7r9jZ1A7_gqM,Austin Nasso,https://www.ticketmaster.com/event/Z7r9jZ1A7_gqM,2025-11-08T00:00:00Z,2025-11-07,19:00:00,Undefined,,,,,,Comedy Bar - Danforth,Toronto,ON,CA,0,0,ticketmaster,,2025-11-08 00:00:00+00:00,
rZ7HnEZ1AfpK3d,Omega Mighty with Special Guests,https://www.ticketweb.ca/event/omega-mighty-with-special-guests-drake-underground-tickets/14593483,2025-11-08T00:30:00Z,2025-11-07,19:30:00,Music,R&B,R&B,27.65,27.65,CAD,Drake Underground,Toronto,ON,CA,43.643290,-79.424630,ticketmaster,,2025-11-08 00:30:00+00:00,27.65
rZ7HnEZ1AffF1K,"Anciients, Howling Giant",https://www.ticketweb.ca/event/anciients-howling-giant-lees-palace-tickets/14508293,2025-11-08T00:30:00Z,2025-11-07,19:30:00,Music,Metal,Metal,34.63,34.63,CAD,Lee's Palace,Toronto,ON,CA,43.665249,-79.409447,ticketmaster,,2025-11-08 00:30:00+00:00,34.63
LvZ18QGB4A6KFaOZvWreQ,DARKFIELD: SÉANCE | TORONTO,https://www.universe.com/events/darkfield-seance-toronto-tickets-51NJ8D?ref=ticketmaster,2025-11-08T00:30:00Z,2025-11-07,19:30:00,Arts & Theatre,Multimedia,Multimedia,,,,STACKT Market,Toronto,ON,CA,43.64095700,-79.40217000,ticketmaster,,2025-11-08 00:30:00+00:00,
15d7ZbPko_-bZ,Elles,https://www.ticketmaster.ca/elles-montreal-quebec-11-07-2025/event/3100625191661600,2025-11-08T00:30:00Z,2025-11-07,19:30:00,Arts & Theatre,Variety,Cabaret,,,,CABARET DU CASINO DE MONTREAL,Montreal,QC,CA,45.50670840,-73.52595120,ticketmaster,,2025-11-08 00:30:00+00:00,
17G8vxG6unLwxE3,Mrs. Doubtfire,https://www.ticketmaster.ca/mrs-doubtfire-ottawa-ontario-11-07-2025/event/310062DA9FCA29D2,2025-11-08T00:30:00Z,2025-11-07,19:30:00,Arts & Theatre,Theatre,Musical,,,,National Arts Centre / Centre national des Arts,Ottawa,ON,CA,45.42323700,-75.69222800,ticketmaster,,2025-11-08 00:30:00+00:00,
LvZ18QGBq_QW7Z8ZvXaoo,DARKFIELD: FLIGHT | TORONTO,https://www.universe.com/events/darkfield-flight-toronto-tickets-BZ3WQG?ref=ticketmaster,2025-11-08T00:40:00Z,2025-11-07,19:40:00,Arts & Theatre,Multimedia,Multimedia,,,,STACKT Market,Toronto,ON,CA,43.64095700,-79.40217000,ticketmaster,,2025-11-08 00:40:00+00:00,
rZ7HnEZ1Afbprd,"The Harriets w/ Weather Wise, Cicadachar & Ryan Maguire",https://www.ticketweb.ca/event/the-harriets-w-weather-wise-hard-luck-bar-tickets/14616783,2025-11-08T01:00:00Z,2025-11-07,20:00:00,Music,Alternative,Indie Rock,16.48,16.48,CAD,Hard Luck Bar,Toronto,ON,CA,43.652150,-79.407552,ticketmaster,,2025-11-08 01:00:00+00:00,16.48
1A8ZkGtGkeR0e9d,Malala Yousafzai: Finding My Way Book Tour,https://admitone.com/events/malala-yousafzai-toronto-10147872,2025-11-08T01:00:00Z,2025-11-07,20:00:00,Miscellaneous,Community/Civic,Community/Civic,,,,Queen Elizabeth Theatre,Toronto,ON,CA,43.63259410,-79.42039150,ticketmaster,,2025-11-08 01:00:00+00:00,
LvZ18QGB4A6KFaOZvWreh,DARKFIELD: SÉANCE | TORONTO,https://www.universe.com/events/darkfield-seance-toronto-tickets-51NJ8D?ref=ticketmaster,2025-11-08T01:00:00Z,2025-11-07,20:00:00,Arts & Theatre,Multimedia,Multimedia,,,,STACKT Market,Toronto,ON,CA,43.64095700,-79.40217000,ticketmaster,,2025-11-08 01:00:00+00:00,
Z7r9jZ1A7j6xe,Malala Yousafzai,https://www.ticketmaster.com/event/Z7r9jZ1A7j6xe,2025-11-08T01:00:00Z,2025-11-07,20:00:00,Miscellaneous,Hobby/Special Interest Expos,Hobby/Special Interest Expos,,,,Queen Elizabeth Theatre - Toronto,Toronto,ON,CA,0,0,ticketmaster,,2025-11-08 01:00:00+00:00,
17G8vxG6CR23xn1,Lil Tecca,https://www.ticketmaster.ca/lil-tecca-montreal-quebec-11-07-2025/event/310062EBCF4A2A8A,2025-11-08T01:00:00Z,2025-11-07,20:00:00,Music,Hip-Hop/Rap,French Rap,,,,L'Olympia,Montreal,QC,CA,45.51701000,-73.55687400,ticketmaster,,2025-11-08 01:00:00+00:00,
LvZ18Qa3zeJSi2YZRU_cA,Lil Mo Mozzarella,https://www.universe.com/events/lil-mo-mozzarella-tickets-D2C8BR?ref=ticketmaster,2025-11-08T01:00:00Z,2025-11-07,20:00:00,,,,,,,Fairmount Theatre,Montreal,QC,CA,45.52055000,-73.59846000,ticketmaster,,2025-11-08 01:00:00+00:00,
LvZ18QGBq_QW7Z8ZvXao3,DARKFIELD: FLIGHT | TORONTO,https://www.universe.com/events/darkfield-flight-toronto-tickets-BZ3WQG?ref=ticketmaster,2025-11-08T01:10:00Z,2025-11-07,20:10:00,Arts & Theatre,Multimedia,Multimedia,,,,STACKT Market,Toronto,ON,CA,43.64095700,-79.40217000,ticketmaster,,2025-11-08 01:10:00+00:00,
LvZ18QGB4A6KFaOZvWrej,DARKFIELD: SÉANCE | TORONTO,https://www.universe.com/events/darkfield-seance-toronto-tickets-51NJ8D?ref=ticketmaster,2025-11-08T01:30:00Z,2025-11-07,20:30:00,Arts & Theatre,Multimedia,Multimedia,,,,STACKT Market,Toronto,ON,CA,43.64095700,-79.40217000,ticketmaster,,2025-11-08 01:30:00+00:00,
1AsZkGJGkdzfVyZ,Back to the 80's avec NEON,https://www.ticketmaster.ca/back-to-the-80s-avec-neon-montreal-quebec-11-07-2025/event/31006326F8534E40,2025-11-08T01:30:00Z,2025-11-07,20:30:00,Music,Dance/Electronic,Witchstep,,,,Le Balcon,Montreal,QC,CA,45.50601053,-73.56700723,ticketmaster,,2025-11-08 01:30:00+00:00,
LvZ18QkVzZEJeKOZlBjOm,THE BROKES : THE STROKES EXPERIENCE,https://www.universe.com/events/the-brokes-the-strokes-experience-tickets-ZF60QY?ref=ticketmaster,2025-11-08T01:30:00Z,2025-11-07,20:30:00,,,,,,,Foufounes Electriques,Montreal,QC,CA,45.51113000,-73.56313000,ticketmaster,,2025-11-08 01:30:00+00:00,
LvZ18QuMhOYJuLOZIHXKR,COURTSIDE - UBC Thunderbirds Basketball vs. UVIC Vikes,https://www.universe.com/events/courtside-ubc-thunderbirds-basketball-vs-uvic-vikes-tickets-NBK0GP?ref=ticketmaster,2025-11-08T01:30:00Z,2025-11-07,17:30:00,,,,,,,UBC - Thunderbird Stadium,Vancouver,BC,CA,49.26076450,-123.24218030,ticketmaster,,2025-11-08 01:30:00+00:00,
LvZ18QGBq_QW7Z8ZvXaoK,DARKFIELD: FLIGHT | TORONTO,https://www.universe.com/events/darkfield-flight-toronto-tickets-BZ3WQG?ref=ticketmaster,2025-11-08T01:40:00Z,2025-11-07,20:40:00,Arts & Theatre,Multimedia,Multimedia,,,,STACKT Market,Toronto,ON,CA,43.64095700,-79.40217000,ticketmaster,,2025-11-08 01:40:00+00:00,
rZ7HnEZ1Af4d7K,Rare DM with Special Guests,https://www.ticketweb.ca/event/rare-dm-with-special-guests-the-dance-cave-tickets/14543113,2025-11-08T02:00:00Z,2025-11-07,21:00:00,Music,Alternative,Goth,27.16,27.16,CAD,The Dance Cave,Toronto,ON,CA,43.665244,-79.409452,ticketmaster,,2025-11-08 02:00:00+00:00,27.16
LvZ18QGB4A6KFaOZvWreq,DARKFIELD: SÉANCE | TORONTO,https://www.universe.com/events/darkfield-seance-toronto-tickets-51NJ8D?ref=ticketmaster,2025-11-08T02:00:00Z,2025-11-07,21:00:00,Arts & Theatre,Multimedia,Multimedia,,,,STACKT Market,Toronto,ON,CA,43.64095700,-79.40217000,ticketmaster,,2025-11-08 02:00:00+00:00,
1AsZkG6Gkd170j0,Sammy Virji - North America Tour Part Two,https://www.ticketmaster.ca/sammy-virji-north-america-tour-part-montreal-quebec-11-07-2025/event/31006307CA124724,2025-11-08T02:00:00Z,2025-11-07,21:00:00,Music,Dance/Electronic,Witchstep,,,,MTELUS,Montreal,QC,CA,45.51053480,-73.56337200,ticketmaster,,2025-11-08 02:00:00+00:00,
1778vxG62h3pgvP,Calgary Flames vs. Chicago Blackhawks,https://www.ticketmaster.ca/calgary-flames-vs-chicago-blackhawks-calgary-alberta-11-07-2025/event/110062F6D25B5065,2025-11-08T02:00:00Z,2025-11-07,19:00:00,Sports,Hockey,NHL,,,,Scotiabank Saddledome,Calgary,AB,CA,51.03856260,-114.05248790,ticketmaster,,2025-11-08 02:00:00+00:00,
LvZ18QGBq_QW7Z8ZvXaof,DARKFIELD: FLIGHT | TORONTO,https://www.universe.com/events/darkfield-flight-toronto-tickets-BZ3WQG?ref=ticketmaster,2025-11-08T02:10:00Z,2025-11-07,21:10:00,Arts & Theatre,Multimedia,Multimedia,,,,STACKT Market,Toronto,ON,CA,43.64095700,-79.40217000,ticketmaster,,2025-11-08 02:10:00+00:00,
177ZvxG61GrDPn3,Noel Miller Live!,https://www.ticketmaster.ca/noel-miller-live-toronto-ontario-11-07-2025/event/100062A31EEE5A92,2025-11-08T02:30:00Z,2025-11-07,21:30:00,Arts & Theatre,Comedy,Comedy,,,,The Elgin & Winter Garden Theatres,Toronto,ON,CA,43.65291940,-79.37945170,ticketmaster,,2025-11-08 02:30:00+00:00,
LvZ18QGB4A6KFaOZvWrer,DARKFIELD: SÉANCE | TORONTO,https://www.universe.com/events/darkfield-seance-toronto-tickets-51NJ8D?ref=ticketmaster,2025-11-08T02:30:00Z,2025-11-07,21:30:00,Arts & Theatre,Multimedia,Multimedia,,,,STACKT Market,Toronto,ON,CA,43.64095700,-79.40217000,ticketmaster,,2025-11-08 02:30:00+00:00,
LvZ18QGBq_QW7Z8ZvXao4,DARKFIELD: FLIGHT | TORONTO,https://www.universe.com/events/darkfield-flight-toronto-tickets-BZ3WQG?ref=ticketmaster,2025-11-08T02:40:00Z,2025-11-07,21:40:00,Arts & Theatre,Multimedia,Multimedia,,,,STACKT Market,Toronto,ON,CA,43.64095700,-79.40217000,ticketmaster,,2025-11-08 02:40:00+00:00,
rZ7HnEZ1AKxbPf,X CLUB,https://www.ticketweb.ca/event/x-club-coda-tickets/13898954,2025-11-08T03:00:00Z,2025-11-07,22:00:00,Music,Dance/Electronic,Dance/Electronic,45.9,45.9,CAD,CODA,Toronto,ON,CA,43.665374,-79.411540,ticketmaster,,2025-11-08 03:00:00+00:00,45.9
1718vxG6GGhEYxF,DIMENSION,https://www.ticketweb.ca/event/dimension-131-mccormack-street-tickets/13785614?REFERRAL_ID=tmfeed,2025-11-08T03:00:00Z,2025-11-07,22:00:00,Music,Dance/Electronic,Witchstep,,,,131 McCormack Street,Toronto,ON,CA,,,ticketmaster,,2025-11-08 03:00:00+00:00,
1778vxG62Qybf1S,Little Big - The Original Skibidi Tour,https://www.ticketmaster.ca/little-big-the-original-skibidi-tour-vancouver-british-columbia-11-07-2025/event/110062F6B96142B3,2025-11-08T03:00:00Z,2025-11-07,19:00:00,Music,Dance/Electronic,Witchstep,,,,Commodore Ballroom,Vancouver,BC,CA,49.28064620,-123.12086520,ticketmaster,,2025-11-08 03:00:00+00:00,
1Av7ZbwGkXUdAO0,Emilio Lovera: Ahora El Malandro Si Está Asustado,https://www.ticketmaster.ca/emilio-lovera-ahora-el-malandro-si-calgary-alberta-11-07-2025/event/1100632FB60C5824,2025-11-08T03:00:00Z,2025-11-07,20:00:00,Arts & Theatre,Comedy,Comedy,,,,Bella Concert Hall - Mount Royal University,Calgary,AB,CA,51.01113400,-114.13183000,ticketmaster,,2025-11-08 03:00:00+00:00,
rZ7HnEZ1AfZIGK,Emo Night Toronto at Sneaky Dee's,https://www.ticketweb.ca/event/emo-night-toronto-at-sneaky-sneaky-dees-concert-venue-tickets/14028313,2025-11-08T03:30:00Z,2025-11-07,22:30:00,Music,Rock,Emo,7.43,7.43,CAD,Sneaky Dee's Concert Venue,Toronto,ON,CA,43.656413,-79.4074860,ticketmaster,,2025-11-08 03:30:00+00:00,7.43
rZ7HnEZ1AfZPbN,FELLY with Breakup Shoes,https://www.ticketweb.ca/event/felly-with-breakup-shoes-the-pearl-tickets/14025623,2025-11-08T03:30:00Z,2025-11-07,19:30:00,Music,Hip-Hop/Rap,Hip-Hop/Rap,22.26,33.81,CAD,The Pearl,Vancouver,BC,CA,49.280658,-123.121407,ticketmaster,,2025-11-08 03:30:00+00:00,22.26
rZ7HnEZ1AKrfO0,Chalk w/ Dour,https://www.ticketweb.ca/event/chalk-w-dour-the-fox-cabaret-tickets/13794824,2025-11-08T03:30:00Z,2025-11-07,19:30:00,Music,Alternative,Post-Punk,27.68,27.68,CAD,The Fox Cabaret,Vancouver,BC,CA,49.264240,-123.101410,ticketmaster,,2025-11-08 03:30:00+00:00,27.68
rZ7HnEZ1Aff4QK,PAUL VAN DYK,https://www.ticketweb.ca/event/paul-van-dyk-dprtmnt-tickets/14515693,2025-11-08T03:30:00Z,2025-11-07,22:30:00,Music,Dance/Electronic,Trance,41.84,54.53,CAD,DPRTMNT,Toronto,ON,CA,43.646470,-79.396890,ticketmaster,,2025-11-08 03:30:00+00:00,41.84
rZ7HnEZ1AKOKrf,ALGERNON CADWALLADER with LAKE & First Day Back,https://www.ticketweb.ca/event/algernon-cadwallader-with-lake-rickshaw-theatre-tickets/13813794,2025-11-08T04:00:00Z,2025-11-07,20:00:00,Music,Rock,Punk,35.87,35.87,CAD,Rickshaw Theatre,Vancouver,BC,CA,49.280983,-123.098359,ticketmaster,,2025-11-08 04:00:00+00:00,35.87
LvZ18QukLkQ-3aYZnD8bM,HELLO PSYCHALEPPO (LIVE) Montreal Debut,https://www.universe.com/events/hello-psychaleppo-live-montreal-debut-tickets-KZ2VHY?ref=ticketmaster,2025-11-08T04:00:00Z,2025-11-07,23:00:00,,,,,,,Bar le Ritz PDB,Montreal,QC,CA,45.53277000,-73.62028000,ticketmaster,,2025-11-08 04:00:00+00:00,
1k7ZvNf6GAGOVyq,Guided Tours of Scotiabank Arena,https://www.ticketmaster.ca/guided-tours-of-scotiabank-arena-toronto-ontario-11-07-2025/event/100063507C834E5D,2025-11-08T04:59:00Z,2025-11-07,23:59:00,Miscellaneous,Undefined,Undefined,,,,Scotiabank Arena,Toronto,ON,CA,43.64392540,-79.37832340,ticketmaster,,2025-11-08 04:59:00+00:00,
16d7ZbS39G7MPwC,Visites Guidées Centre Bell - Bell Centre,https://www.ticketmaster.ca/visites-guidees-centre-bell-bell-centre-montreal-quebec-11-07-2025/event/3100633497DE5C8E,2025-11-08T04:59:00Z,2025-11-07,23:59:00,Miscellaneous,Undefined,Undefined,,,,Centre Bell,Montreal,QC,CA,45.49612900,-73.57047200,ticketmaster,,2025-11-08 04:59:00+00:00,
1Ae0ZbVGkHw9OVU,World Famous Fridays (Rap Night) - Free RSVP,https://www.ticketweb.ca/event/world-famous-fridays-rap-night-commonwealth-bar-stage-tickets/14625573?REFERRAL_ID=tmfeed,2025-11-08T05:00:00Z,2025-11-07,22:00:00,Music,Dance/Electronic,Witchstep,,,,Commonwealth Bar,Calgary,AB,CA,51.04357100,-114.07829800,ticketmaster,,2025-11-08 05:00:00+00:00,
1AtZkGUGkdMSsl7,Stacked Pres. Mitis (Calgary),https://www.ticketweb.ca/event/stacked-pres-mitis-calgary-the-palace-theatre-tickets/14575933?REFERRAL_ID=tmfeed,2025-11-08T05:00:00Z,2025-11-07,22:00:00,Music,Dance/Electronic,Witchstep,,,,The Palace Theatre,Calgary,AB,CA,51.04563260,-114.06709850,ticketmaster,,2025-11-08 05:00:00+00:00,
rZ7HnEZ1Af_oGN,LKFortune,https://www.ticketweb.ca/event/lkfortune-fortune-sound-club-tickets/14651323,2025-11-08T06:00:00Z,2025-11-07,22:00:00,Miscellaneous,,,16.91,16.91,CAD,Fortune Sound Club,Vancouver,BC,CA,49.280528,-123.100751,ticketmaster,,2025-11-08 06:00:00+00:00,16.91
15e0ZbwON_erk,Stacked Pres: Jessica Audiffred (Van),https://www.ticketweb.ca/event/stacked-pres-jessica-audiffred-van-celebrities-nightclub-tickets/14546893?REFERRAL_ID=tmfeed,2025-11-08T06:00:00Z,2025-11-07,22:00:00,Music,Dance/Electronic,Witchstep,,,,Celebrities,Vancouver,BC,CA,49.27967200,-123.13029300,ticketmaster,,2025-11-08 06:00:00+00:00,
1718vxG620FA-po,Gee Lee,https://www.ticketweb.ca/event/gee-lee-fortune-sound-club-tickets/13912304?REFERRAL_ID=tmfeed,2025-11-08T06:00:00Z,2025-11-07,22:00:00,Music,Dance/Electronic,Witchstep,,,,Fortune Sound Club,Vancouver,BC,CA,49.28051970,-123.10073820,ticketmaster,,2025-11-08 06:00:00+00:00,
1Ae0ZbYGkY7DY0W,Stacked Pres: Bullet Tooth (Vancouver),https://www.ticketweb.ca/event/stacked-pres-bullet-tooth-vancouver-industrial-236-tickets/13947594?REFERRAL_ID=tmfeed,2025-11-08T06:00:00Z,2025-11-07,22:00:00,Music,Dance/Electronic,Witchstep,,,,Industrial 236,Vancouver,BC,CA,,,ticketmaster,,2025-11-08 06:00:00+00:00,
Z7r9jZ1A7jxGf,Totally Enormous Extinct Dinosaurs,https://www.ticketmaster.com/event/Z7r9jZ1A7jxGf,2025-11-08T06:00:00Z,2025-11-07,22:00:00,Music,Other,Other,,,,Fortune Sound Club,Vancouver,BC,CA,0,0,ticketmaster,,2025-11-08 06:00:00+00:00,
rZ7HnEZ1Af_paS,[KPOP & EDM] 2 rooms party,https://www.ticketweb.ca/event/kpop-edm-2-rooms-the-pearl-tickets/14656273,2025-11-08T07:00:00Z,2025-11-07,23:00:00,Music,Dance/Electronic,Dance/Electronic,17.5,17.5,CAD,The Pearl,Vancouver,BC,CA,49.280658,-123.121407,ticketmaster,,2025-11-08 07:00:00+00:00,17.5
1Ae0ZbwGkluUs9M,Casa Loma General Admission,https://www.ticketweb.ca/event/casa-loma-general-admission-casa-loma-tickets/14551213?REFERRAL_ID=tmfeed,2025-11-08T14:30:00Z,2025-11-08,09:30:00,Miscellaneous,Undefined,Undefined,,,,Casa Loma,Toronto,ON,CA,43.67813770,-79.40961500,ticketmaster,,2025-11-08 14:30:00+00:00,
LvZ18QGB4A12gTZZvkKDs,DARKFIELD: SÉANCE | TORONTO,https://www.universe.com/events/darkfield-seance-toronto-tickets-51NJ8D?ref=ticketmaster,2025-11-08T17:00:00Z,2025-11-08,12:00:00,Arts & Theatre,Multimedia,Multimedia,,,,STACKT Market,Toronto,ON,CA,43.64095700,-79.40217000,ticketmaster,,2025-11-08 17:00:00+00:00,
LvZ18QGBq_Q2gTZZvkftU,DARKFIELD: FLIGHT | TORONTO,https://www.universe.com/events/darkfield-flight-toronto-tickets-BZ3WQG?ref=ticketmaster,2025-11-08T17:10:00Z,2025-11-08,12:10:00,Arts & Theatre,Multimedia,Multimedia,,,,STACKT Market,Toronto,ON,CA,43.64095700,-79.40217000,ticketmaster,,2025-11-08 17:10:00+00:00,
LvZ18QGB4A12gTZZvkKDw,DARKFIELD: SÉANCE | TORONTO,https://www.universe.com/events/darkfield-seance-toronto-tickets-51NJ8D?ref=ticketmaster,2025-11-08T17:30:00Z,2025-11-08,12:30:00,Arts & Theatre,Multimedia,Multimedia,,,,STACKT Market,Toronto,ON,CA,43.64095700,-79.40217000,ticketmaster,,2025-11-08 17:30:00+00:00,
LvZ18QGBq_Q2gTZZvkftM,DARKFIELD: FLIGHT | TORONTO,https://www.universe.com/events/darkfield-flight-toronto-tickets-BZ3WQG?ref=ticketmaster,2025-11-08T17:40:00Z,2025-11-08,12:40:00,Arts & Theatre,Multimedia,Multimedia,,,,STACKT Market,Toronto,ON,CA,43.64095700,-79.40217000,ticketmaster,,2025-11-08 17:40:00+00:00,
1k7Zv-OzGA23Zm0,Championship Show Jumping/K9 Demo/Pony Racing,https://www.ticketmaster.ca/championship-show-jumpingk9-demopony-racing-toronto-ontario-11-08-2025/event/100061838F480BA4,2025-11-08T18:00:00Z,2025-11-08,13:00:00,Sports,Equestrian,Equestrian,,,,Coca-Cola Coliseum,Toronto,ON,CA,43.63509680,-79.41572430,ticketmaster,,2025-11-08 18:00:00+00:00,
LvZ18QGB4A12gTZZvkKDS,DARKFIELD: SÉANCE | TORONTO,https://www.universe.com/events/darkfield-seance-toronto-tickets-51NJ8D?ref=ticketmaster,2025-11-08T18:00:00Z,2025-11-08,13:00:00,Arts & Theatre,Multimedia,Multimedia,,,,STACKT Market,Toronto,ON,CA,43.64095700,-79.40217000,ticketmaster,,2025-11-08 18:00:00+00:00,
17G8vxG6unJDeRy,Mrs. Doubtfire,https://www.ticketmaster.ca/mrs-doubtfire-ottawa-ontario-11-08-2025/event/310062DAA6EC2BF9,2025-11-08T18:00:00Z,2025-11-08,13:00:00,Arts & Theatre,Theatre,Musical,,,,National Arts Centre / Centre national des Arts,Ottawa,ON,CA,45.42323700,-75.69222800,ticketmaster,,2025-11-08 18:00:00+00:00,
LvZ18QGBq_Q2gTZZvkftz,DARKFIELD: FLIGHT | TORONTO,https://www.universe.com/events/darkfield-flight-toronto-tickets-BZ3WQG?ref=ticketmaster,2025-11-08T18:10:00Z,2025-11-08,13:10:00,Arts & Theatre,Multimedia,Multimedia,,,,STACKT Market,Toronto,ON,CA,43.64095700,-79.40217000,ticketmaster,,2025-11-08 18:10:00+00:00,
LvZ18QGB4A12gTZZvkKDV,DARKFIELD: SÉANCE | TORONTO,https://www.universe.com/events/darkfield-seance-toronto-tickets-51NJ8D?ref=ticketmaster,2025-11-08T18:30:00Z,2025-11-08,13:30:00,Arts & Theatre,Multimedia,Multimedia,,,,STACKT Market,Toronto,ON,CA,43.64095700,-79.40217000,ticketmaster,,2025-11-08 18:30:00+00:00,
LvZ18QGBq_Q2gTZZvkfty,DARKFIELD: FLIGHT | TORONTO,https://www.universe.com/events/darkfield-flight-toronto-tickets-BZ3WQG?ref=ticketmaster,2025-11-08T18:40:00Z,2025-11-08,13:40:00,Arts & Theatre,Multimedia,Multimedia,,,,STACKT Market,Toronto,ON,CA,43.64095700,-79.40217000,ticketmaster,,2025-11-08 18:40:00+00:00,
LvZ18QGB4A12gTZZvkKDg,DARKFIELD: SÉANCE | TORONTO,https://www.universe.com/events/darkfield-seance-toronto-tickets-51NJ8D?ref=ticketmaster,2025-11-08T19:00:00Z,2025-11-08,14:00:00,Arts & Theatre,Multimedia,Multimedia,,,,STACKT Market,Toronto,ON,CA,43.64095700,-79.40217000,ticketmaster,,2025-11-08 19:00:00+00:00,
LvZ18QGBq_Q2gTZZvkftB,DARKFIELD: FLIGHT | TORONTO,https://www.universe.com/events/darkfield-flight-toronto-tickets-BZ3WQG?ref=ticketmaster,2025-11-08T19:10:00Z,2025-11-08,14:10:00,Arts & Theatre,Multimedia,Multimedia,,,,STACKT Market,Toronto,ON,CA,43.64095700,-79.40217000,ticketmaster,,2025-11-08 19:10:00+00:00,
LvZ18QGB4A12gTZZvkKDU,DARKFIELD: SÉANCE | TORONTO,https://www.universe.com/events/darkfield-seance-toronto-tickets-51NJ8D?ref=ticketmaster,2025-11-08T19:30:00Z,2025-11-08,14:30:00,Arts & Theatre,Multimedia,Multimedia,,,,STACKT Market,Toronto,ON,CA,43.64095700,-79.40217000,ticketmaster,,2025-11-08 19:30:00+00:00,
LvZ18QGBq_Q2gTZZvkftD,DARKFIELD: FLIGHT | TORONTO,https://www.universe.com/events/darkfield-flight-toronto-tickets-BZ3WQG?ref=ticketmaster,2025-11-08T19:40:00Z,2025-11-08,14:40:00,Arts & Theatre,Multimedia,Multimedia,,,,STACKT Market,Toronto,ON,CA,43.64095700,-79.40217000,ticketmaster,,2025-11-08 19:40:00+00:00,
LvZ18QGB4A12gTZZvkKDM,DARKFIELD: SÉANCE | TORONTO,https://www.universe.com/events/darkfield-seance-toronto-tickets-51NJ8D?ref=ticketmaster,2025-11-08T20:00:00Z,2025-11-08,15:00:00,Arts & Theatre,Multimedia,Multimedia,,,,STACKT Market,Toronto,ON,CA,43.64095700,-79.40217000,ticketmaster,,2025-11-08 20:00:00+00:00,
1778vxG62kHJfCx,Calgary Wranglers vs San Jose Barracuda - Hockey Fights Cancer,https://www.ticketmaster.ca/calgary-wranglers-vs-san-jose-barracuda-calgary-alberta-11-08-2025/event/110062F1BC9943A2,2025-11-08T20:00:00Z,2025-11-08,13:00:00,Sports,Hockey,AHL,,,,Scotiabank Saddledome,Calgary,AB,CA,51.03856260,-114.05248790,ticketmaster,,2025-11-08 20:00:00+00:00,
1kG8vNoyGA1AAJX,NSL Playoffs Semi-Finals: Ottawa Rapid FC v. Vancouver Rise FC,https://www.ticketmaster.ca/nsl-playoffs-semifinals-ottawa-rapid-fc-ottawa-ontario-11-08-2025/event/310063479A1459BE,2025-11-08T20:00:00Z,2025-11-08,15:00:00,Sports,Soccer,Soccer,,,,The Stadium at TD Place,Ottawa,ON,CA,45.39911174,-75.68335822,ticketmaster,,2025-11-08 20:00:00+00:00,
LvZ18QGBq_Q2gTZZvkftH,DARKFIELD: FLIGHT | TORONTO,https://www.universe.com/events/darkfield-flight-toronto-tickets-BZ3WQG?ref=ticketmaster,2025-11-08T20:10:00Z,2025-11-08,15:10:00,Arts & Theatre,Multimedia,Multimedia,,,,STACKT Market,Toronto,ON,CA,43.64095700,-79.40217000,ticketmaster,,2025-11-08 20:10:00+00:00,
LvZ18QGB4A12gTZZvkKDz,DARKFIELD: SÉANCE | TORONTO,https://www.universe.com/events/darkfield-seance-toronto-tickets-51NJ8D?ref=ticketmaster,2025-11-08T20:30:00Z,2025-11-08,15:30:00,Arts & Theatre,Multimedia,Multimedia,,,,STACKT Market,Toronto,ON,CA,43.64095700,-79.40217000,ticketmaster,,2025-11-08 20:30:00+00:00,
LvZ18QGBq_Q2gTZZvkftW,DARKFIELD: FLIGHT | TORONTO,https://www.universe.com/events/darkfield-flight-toronto-tickets-BZ3WQG?ref=ticketmaster,2025-11-08T20:40:00Z,2025-11-08,15:40:00,Arts & Theatre,Multimedia,Multimedia,,,,STACKT Market,Toronto,ON,CA,43.64095700,-79.40217000,ticketmaster,,2025-11-08 20:40:00+00:00,
LvZ18QGB4A12gTZZvkKDy,DARKFIELD: SÉANCE | TORONTO,https://www.universe.com/events/darkfield-seance-toronto-tickets-51NJ8D?ref=ticketmaster,2025-11-08T21:00:00Z,2025-11-08,16:00:00,Arts & Theatre,Multimedia,Multimedia,,,,STACKT Market,Toronto,ON,CA,43.64095700,-79.40217000,ticketmaster,,2025-11-08 21:00:00+00:00,
1Ad7ZbsGkSPPSxp,Varsity Volleyball: Algonquin Wolves vs. Loyalist Lancers,https://www.ticketmaster.ca/varsity-volleyball-algonquin-wolves-vs-loyalist-ottawa-ontario-11-08-2025/event/3100631CE5973896,2025-11-08T21:00:00Z,2025-11-08,16:00:00,Sports,Volleyball,Volleyball,,,,Jack Doyle Athletics and Recreation Centre,Ottawa,ON,CA,45.34999645,-75.75616648,ticketmaster,,2025-11-08 21:00:00+00:00,
LvZ18QGBq_Q2gTZZvkftX,DARKFIELD: FLIGHT | TORONTO,https://www.universe.com/events/darkfield-flight-toronto-tickets-BZ3WQG?ref=ticketmaster,2025-11-08T21:10:00Z,2025-11-08,16:10:00,Arts & Theatre,Multimedia,Multimedia,,,,STACKT Market,Toronto,ON,CA,43.64095700,-79.40217000,ticketmaster,,2025-11-08 21:10:00+00:00,
LvZ18QGB4A12gTZZvkKDB,DARKFIELD: SÉANCE | TORONTO,https://www.universe.com/events/darkfield-seance-toronto-tickets-51NJ8D?ref=ticketmaster,2025-11-08T21:30:00Z,2025-11-08,16:30:00,Arts & Theatre,Multimedia,Multimedia,,,,STACKT Market,Toronto,ON,CA,43.64095700,-79.40217000,ticketmaster,,2025-11-08 21:30:00+00:00,
LvZ18QGBq_Q2gTZZvkftT,DARKFIELD: FLIGHT | TORONTO,https://www.universe.com/events/darkfield-flight-toronto-tickets-BZ3WQG?ref=ticketmaster,2025-11-08T21:40:00Z,2025-11-08,16:40:00,Arts & Theatre,Multimedia,Multimedia,,,,STACKT Market,Toronto,ON,CA,43.64095700,-79.40217000,ticketmaster,,2025-11-08 21:40:00+00:00,
177ZvxG6GUR4wqF,Romesh Ranganathan,https://www.ticketmaster.ca/romesh-ranganathan-toronto-ontario-11-08-2025/event/100062CDAF572748,2025-11-08T22:00:00Z,2025-11-08,17:00:00,Arts & Theatre,Comedy,Comedy,,,,The Elgin & Winter Garden Theatres,Toronto,ON,CA,43.65291940,-79.37945170,ticketmaster,,2025-11-08 22:00:00+00:00,
LvZ18QGB4A12gTZZvkKDD,DARKFIELD: SÉANCE | TORONTO,https://www.universe.com/events/darkfield-seance-toronto-tickets-51NJ8D?ref=ticketmaster,2025-11-08T22:00:00Z,2025-11-08,17:00:00,Arts & Theatre,Multimedia,Multimedia,,,,STACKT Market,Toronto,ON,CA,43.64095700,-79.40217000,ticketmaster,,2025-11-08 22:00:00+00:00,
LvZ18QGBq_Q2gTZZvkfnZ,DARKFIELD: FLIGHT | TORONTO,https://www.universe.com/events/darkfield-flight-toronto-tickets-BZ3WQG?ref=ticketmaster,2025-11-08T22:10:00Z,2025-11-08,17:10:00,Arts & Theatre,Multimedia,Multimedia,,,,STACKT Market,Toronto,ON,CA,43.64095700,-79.40217000,ticketmaster,,2025-11-08 22:10:00+00:00,
LvZ18QGB4A12gTZZvkKDH,DARKFIELD: SÉANCE | TORONTO,https://www.universe.com/events/darkfield-seance-toronto-tickets-51NJ8D?ref=ticketmaster,2025-11-08T22:30:00Z,2025-11-08,17:30:00,Arts & Theatre,Multimedia,Multimedia,,,,STACKT Market,Toronto,ON,CA,43.64095700,-79.40217000,ticketmaster,,2025-11-08 22:30:00+00:00,
LvZ18QGBq_Q2gTZZvkfnv,DARKFIELD: FLIGHT | TORONTO,https://www.universe.com/events/darkfield-flight-toronto-tickets-BZ3WQG?ref=ticketmaster,2025-11-08T22:40:00Z,2025-11-08,17:40:00,Arts & Theatre,Multimedia,Multimedia,,,,STACKT Market,Toronto,ON,CA,43.64095700,-79.40217000,ticketmaster,,2025-11-08 22:40:00+00:00,
LvZ18QGB4A12gTZZvkKDW,DARKFIELD: SÉANCE | TORONTO,https://www.universe.com/events/darkfield-seance-toronto-tickets-51NJ8D?ref=ticketmaster,2025-11-08T23:00:00Z,2025-11-08,18:00:00,Arts & Theatre,Multimedia,Multimedia,,,,STACKT Market,Toronto,ON,CA,43.64095700,-79.40217000,ticketmaster,,2025-11-08 23:00:00+00:00,
LvZ18QGBq_Q2gTZZvkfne,DARKFIELD: FLIGHT | TORONTO,https://www.universe.com/events/darkfield-flight-toronto-tickets-BZ3WQG?ref=ticketmaster,2025-11-08T23:10:00Z,2025-11-08,18:10:00,Arts & Theatre,Multimedia,Multimedia,,,,STACKT Market,Toronto,ON,CA,43.64095700,-79.40217000,ticketmaster,,2025-11-08 23:10:00+00:00,
rZ7HnEZ1AKPKuV,TMU Bold vs Guelph (Men's Hockey),https://www.ticketweb.ca/event/tmu-bold-vs-guelph-mens-mattamy-athletic-centre-tickets/13953374,2025-11-08T23:15:00Z,2025-11-08,18:15:00,Sports,Hockey,,9.0,14.0,CAD,Mattamy Athletic Centre,Toronto,ON,CA,43.662302,-79.379993,ticketmaster,,2025-11-08 23:15:00+00:00,9.0
rZ7HnEZ1Af4opK,"""Space of Sound"" presents a tribute to the Red Hot Chili Peppers w/ guests Eleven Minutes Late & Lio and the Strays",https://www.ticketweb.ca/event/space-of-sound-presents-a-sneaky-dees-concert-venue-tickets/14551593,2025-11-08T23:30:00Z,2025-11-08,18:30:00,Music,Alternative,Alternative,16.48,16.48,CAD,Sneaky Dee's Concert Venue,Toronto,ON,CA,43.656413,-79.4074860,ticketmaster,,2025-11-08 23:30:00+00:00,16.48
LvZ18QGB4A12gTZZvkKDX,DARKFIELD: SÉANCE | TORONTO,https://www.universe.com/events/darkfield-seance-toronto-tickets-51NJ8D?ref=ticketmaster,2025-11-08T23:30:00Z,2025-11-08,18:30:00,Arts & Theatre,Multimedia,Multimedia,,,,STACKT Market,Toronto,ON,CA,43.64095700,-79.40217000,ticketmaster,,2025-11-08 23:30:00+00:00,
LvZ18QGBq_Q2gTZZvkfnd,DARKFIELD: FLIGHT | TORONTO,https://www.universe.com/events/darkfield-flight-toronto-tickets-BZ3WQG?ref=ticketmaster,2025-11-08T23:40:00Z,2025-11-08,18:40:00,Arts & Theatre,Multimedia,Multimedia,,,,STACKT Market,Toronto,ON,CA,43.64095700,-79.40217000,ticketmaster,,2025-11-08 23:40:00+00:00,
rZ7HnEZ1Af_f_d,TMU Bold vs Brock (Women's Basketball),https://www.ticketweb.ca/event/tmu-bold-vs-brock-womens-mattamy-athletic-centre-tickets/14654643,2025-11-09T00:00:00Z,2025-11-08,19:00:00,Sports,Basketball,,9.0,14.0,CAD,Mattamy Athletic Centre,Toronto,ON,CA,43.662302,-79.379993,ticketmaster,,2025-11-09 00:00:00+00:00,9.0
rZ7HnEZ1Af4yZK,"St.Doval w/ Black Paint, Traumaqueen & Mild Thing",https://www.ticketweb.ca/event/stdoval-w-black-paint-traumaqueen-supermarket-tickets/14579013,2025-11-09T00:00:00Z,2025-11-08,19:00:00,Music,Alternative,Alternative,16.48,16.48,CAD,Supermarket,Toronto,ON,CA,43.656580,-79.403230,ticketmaster,,2025-11-09 00:00:00+00:00,16.48
rZ7HnEZ1Af4w_S,"Killer Priest - Judas Priest Tribute, love it to death- Alice Cooper tribute, Ozzy Experience / Tribute To Ozzy",https://www.ticketweb.ca/event/killer-priest-judas-the-rockpile-bar-nightclub-tickets/14572673,2025-11-09T00:00:00Z,2025-11-08,19:00:00,Music,Metal,Metal,23.1,23.1,CAD,The Rockpile Bar & Nightclub,Toronto,ON,CA,43.629420,-79.548931,ticketmaster,,2025-11-09 00:00:00+00:00,23.1
rZ7HnEZ1AffEad,Ken Yates,https://www.ticketweb.ca/event/ken-yates-drake-underground-tickets/14527243,2025-11-09T00:00:00Z,2025-11-08,19:00:00,Music,Pop,Singer-Songwriter,29.51,29.51,CAD,Drake Underground,Toronto,ON,CA,43.643290,-79.424630,ticketmaster,,2025-11-09 00:00:00+00:00,29.51
rZ7HnEZ1Aff_FN,Kathleen Edwards,https://www.ticketweb.ca/event/kathleen-edwards-the-bronson-tickets/14519223,2025-11-09T00:00:00Z,2025-11-08,19:00:00,Music,Rock,Pop,55.12,67.86,CAD,The Bronson,Ottawa,ON,CA,45.413630,-75.706400,ticketmaster,,2025-11-09 00:00:00+00:00,55.12
16tZkG4ekZA8vGG1,Rock with Love: Toronto's Biggest and Best Cover Band,https://www.ticketweb.ca/event/rock-with-love-torontos-biggest-the-opera-house-tickets/14506553?REFERRAL_ID=tmfeed,2025-11-09T00:00:00Z,2025-11-08,19:00:00,Music,Rock,Pop,,,,The Opera House,Toronto,ON,CA,43.65900020,-79.34877430,ticketmaster,,2025-11-09 00:00:00+00:00,
16vZZbwfZG7nJ2i,sosocamo: No Service Tour,https://www.ticketmaster.ca/sosocamo-no-service-tour-toronto-ontario-11-08-2025/event/1000632500AA63EC,2025-11-09T00:00:00Z,2025-11-08,19:00:00,Music,Hip-Hop/Rap,French Rap,,,,Hard Luck Bar,Toronto,ON,CA,43.65211100,-79.40753700,ticketmaster,,2025-11-09 00:00:00+00:00,
177ZvxG62riVd5H,REMEMBRANCE DAY GAME | Toronto Maple Leafs v Boston Bruins,https://www.ticketmaster.ca/remembrance-day-game-toronto-maple-leafs-toronto-ontario-11-08-2025/event/100062F7ACD032FC,2025-11-09T00:00:00Z,2025-11-08,19:00:00,Sports,Hockey,NHL,,,,Scotiabank Arena,Toronto,ON,CA,43.64392540,-79.37832340,ticketmaster,,2025-11-09 00:00:00+00:00,
177ZvxG65BHEV8-,Atsuko Okatsuka: The Big Bowl Tour,https://www.ticketmaster.ca/atsuko-okatsuka-the-big-bowl-tour-toronto-ontario-11-08-2025/event/100062BEBC9F4421,2025-11-09T00:00:00Z,2025-11-08,19:00:00,Arts & Theatre,Comedy,Comedy,,,,Meridian Hall,Toronto,ON,CA,43.64681820,-79.37666570,ticketmaster,,2025-11-09 00:00:00+00:00,
177ZvxG6ue0Coiq,Liam St. John,https://www.ticketmaster.ca/liam-st-john-toronto-ontario-11-08-2025/event/100062D0A4391B1D,2025-11-09T00:00:00Z,2025-11-08,19:00:00,Music,Blues,Blues,,,,The Mod Club (formerly known as The Axis Club),Toronto,ON,CA,43.65516550,-79.41906360,ticketmaster,,2025-11-09 00:00:00+00:00,
1A8Zka3GkdgndL7,The Wombats - Oh! The Ocean Tour,https://www.ticketmaster.ca/the-wombats-oh-the-ocean-tour-toronto-ontario-11-08-2025/event/10006252F5A837C4,2025-11-09T00:00:00Z,2025-11-08,19:00:00,Music,Rock,Alternative Rock,,,,The Danforth Music Hall,Toronto,ON,CA,43.67644920,-79.35710140,ticketmaster,,2025-11-09 00:00:00+00:00,
1A8Zku0GkeD3_fI,Leafs Fan Access Plus Ups: Photos on the Bench Post-Game V,https://www.ticketmaster.ca/leafs-fan-access-plus-ups-photos-toronto-ontario-11-08-2025/event/10006364BB499528,2025-11-09T00:00:00Z,2025-11-08,19:00:00,Miscellaneous,Undefined,Undefined,,,,Scotiabank Arena,Toronto,ON,CA,43.64392540,-79.37832340,ticketmaster,,2025-11-09 00:00:00+00:00,
1A8Zku0GkeD3yfm,Leafs Fan Access Plus Ups: Pre Game On-Ice Flag Bearer V,https://www.ticketmaster.ca/leafs-fan-access-plus-ups-pre-toronto-ontario-11-08-2025/event/10006364BB4B952E,2025-11-09T00:00:00Z,2025-11-08,19:00:00,Miscellaneous,Undefined,Undefined,,,,Scotiabank Arena,Toronto,ON,CA,43.64392540,-79.37832340,ticketmaster,,2025-11-09 00:00:00+00:00,
1A8Zku0GkeDK_fY,Fan Plus Leafs Fan Access Plus Ups: Post Game On-Ice Photo V,https://www.ticketmaster.ca/fan-plus-leafs-fan-access-plus-toronto-ontario-11-08-2025/event/10006364BB4D9530,2025-11-09T00:00:00Z,2025-11-08,19:00:00,Miscellaneous,Undefined,Undefined,,,,Scotiabank Arena,Toronto,ON,CA,43.64392540,-79.37832340,ticketmaster,,2025-11-09 00:00:00+00:00,
1A8Zku0GkeDKyfS,Leafs Fan Access Plus Ups: Penalty Box Experience - Warm-Up V,https://www.ticketmaster.ca/leafs-fan-access-plus-ups-penalty-toronto-ontario-11-08-2025/event/10006364BB4F9533,2025-11-09T00:00:00Z,2025-11-08,19:00:00,Miscellaneous,Undefined,Undefined,,,,Scotiabank Arena,Toronto,ON,CA,43.64392540,-79.37832340,ticketmaster,,2025-11-09 00:00:00+00:00,
1k7Zv-OzGA2pYmB,HEP Canadian Show Jumping Championship/Mad Barn Indoor Eventing,https://www.ticketmaster.ca/hep-canadian-show-jumping-championshipmad-barn-toronto-ontario-11-08-2025/event/100061838F5B0BBA,2025-11-09T00:00:00Z,2025-11-08,19:00:00,Sports,Equestrian,Equestrian,,,,Coca-Cola Coliseum,Toronto,ON,CA,43.63509680,-79.41572430,ticketmaster,,2025-11-09 00:00:00+00:00,
LvZ18QGB4A12gTZZvkKDT,DARKFIELD: SÉANCE | TORONTO,https://www.universe.com/events/darkfield-seance-toronto-tickets-51NJ8D?ref=ticketmaster,2025-11-09T00:00:00Z,2025-11-08,19:00:00,Arts & Theatre,Multimedia,Multimedia,,,,STACKT Market,Toronto,ON,CA,43.64095700,-79.40217000,ticketmaster,,2025-11-09 00:00:00+00:00,
Z7r9jZ1A7_gqg,Austin Nasso,https://www.ticketmaster.com/event/Z7r9jZ1A7_gqg,2025-11-09T00:00:00Z,2025-11-08,19:00:00,Undefined,,,,,,Comedy Bar - Danforth,Toronto,ON,CA,0,0,ticketmaster,,2025-11-09 00:00:00+00:00,
17G8vxG62QkJ-I4,Montreal Canadiens vs. Utah Mammoth,https://www.ticketmaster.ca/montreal-canadiens-vs-utah-mammoth-montreal-quebec-11-08-2025/event/310062F6869A1A15,2025-11-09T00:00:00Z,2025-11-08,19:00:00,Sports,Hockey,NHL,,,,Centre Bell,Montreal,QC,CA,45.49612900,-73.57047200,ticketmaster,,2025-11-09 00:00:00+00:00,
LvZ18QuMpgwcE18Z0Ionp,UBC Thunderbirds Basketball vs. UBCO Heat,https://www.universe.com/events/ubc-thunderbirds-basketball-vs-ubco-heat-tickets-HMXYJK?ref=ticketmaster,2025-11-09T00:00:00Z,2025-11-08,16:00:00,,,,,,,UBC - Thunderbird Stadium,Vancouver,BC,CA,49.26076450,-123.24218030,ticketmaster,,2025-11-09 00:00:00+00:00,
LvZ18QGBq_Q2gTZZvkfn7,DARKFIELD: FLIGHT | TORONTO,https://www.universe.com/events/darkfield-flight-toronto-tickets-BZ3WQG?ref=ticketmaster,2025-11-09T00:10:00Z,2025-11-08,19:10:00,Arts & Theatre,Multimedia,Multimedia,,,,STACKT Market,Toronto,ON,CA,43.64095700,-79.40217000,ticketmaster,,2025-11-09 00:10:00+00:00,
rZ7HnEZ1AK0V00,"The Besnard Lakes, Living Hour",https://www.ticketweb.ca/event/the-besnard-lakes-living-hour-the-27-club-tickets/13934924,2025-11-09T00:30:00Z,2025-11-08,19:30:00,Music,Other,,25.72,25.72,CAD,The 27 Club,Ottawa,ON,CA,45.428061,-75.694058,ticketmaster,,2025-11-09 00:30:00+00:00,25.72
1AvZZbIGkXiqe3p,Sarah McLachlan: Fumbling Towards Ecstasy 30th Anniversary Tour,https://www.ticketmaster.ca/sarah-mclachlan-fumbling-towards-ecstasy-30th-toronto-ontario-11-08-2025/event/1000628FAC742496,2025-11-09T00:30:00Z,2025-11-08,19:30:00,Music,Rock,Pop,,,,Massey Hall,Toronto,ON,CA,43.65418690,-79.37899750,ticketmaster,,2025-11-09 00:30:00+00:00,
1AvZZbwGkm-jsY3,Dance Along The Silk Road,https://www.ticketmaster.ca/dance-along-the-silk-road-toronto-ontario-11-08-2025/event/1000632BA1731C12,2025-11-09T00:30:00Z,2025-11-08,19:30:00,Arts & Theatre,Dance,Dance,,,,Meridian Arts Centre: Lyric Theatre,Toronto,ON,CA,43.76603100,-79.41437500,ticketmaster,,2025-11-09 00:30:00+00:00,
LvZ18QGB4A12gTZZvkKHZ,DARKFIELD: SÉANCE | TORONTO,https://www.universe.com/events/darkfield-seance-toronto-tickets-51NJ8D?ref=ticketmaster,2025-11-09T00:30:00Z,2025-11-08,19:30:00,Arts & Theatre,Multimedia,Multimedia,,,,STACKT Market,Toronto,ON,CA,43.64095700,-79.40217000,ticketmaster,,2025-11-09 00:30:00+00:00,
1Ad7ZbtGkyh-sZ9,François Bellefeuille - Sauvage,https://www.ticketmaster.ca/francois-bellefeuille-sauvage-montreal-quebec-11-08-2025/event/3100629E5B871017,2025-11-09T00:30:00Z,2025-11-08,19:30:00,Arts & Theatre,Comedy,Comedy,,,,CABARET DU CASINO DE MONTREAL,Montreal,QC,CA,45.50670840,-73.52595120,ticketmaster,,2025-11-09 00:30:00+00:00,
17G8vxG6unLSeEr,Mrs. Doubtfire,https://www.ticketmaster.ca/mrs-doubtfire-ottawa-ontario-11-08-2025/event/310062DA9FCC29DE,2025-11-09T00:30:00Z,2025-11-08,19:30:00,Arts & Theatre,Theatre,Musical,,,,National Arts Centre / Centre national des Arts,Ottawa,ON,CA,45.42323700,-75.69222800,ticketmaster,,2025-11-09 00:30:00+00:00,
LvZ18QGBq_Q2gTZZvkfnA,DARKFIELD: FLIGHT | TORONTO,https://www.universe.com/events/darkfield-flight-toronto-tickets-BZ3WQG?ref=ticketmaster,2025-11-09T00:40:00Z,2025-11-08,19:40:00,Arts & Theatre,Multimedia,Multimedia,,,,STACKT Market,Toronto,ON,CA,43.64095700,-79.40217000,ticketmaster,,2025-11-09 00:40:00+00:00,
177ZvxG6GMnBfwO,Sammy Virji - North America Tour Part Two,https://www.ticketmaster.ca/sammy-virji-north-america-tour-part-toronto-ontario-11-08-2025/event/100062CDEAE94CA0,2025-11-09T01:00:00Z,2025-11-08,20:00:00,Music,Dance/Electronic,Witchstep,,,,History,Toronto,ON,CA,43.66684147,-79.31351149,ticketmaster,,2025-11-09 01:00:00+00:00,
177ZvxG6GURp3qG,Romesh Ranganathan,https://www.ticketmaster.ca/romesh-ranganathan-toronto-ontario-11-08-2025/event/100062CDAF59274C,2025-11-09T01:00:00Z,2025-11-08,20:00:00,Arts & Theatre,Comedy,Comedy,,,,The Elgin & Winter Garden Theatres,Toronto,ON,CA,43.65291940,-79.37945170,ticketmaster,,2025-11-09 01:00:00+00:00,
1A8Zk1_Gkd2HVWB,Gifts Of Life: Israeli Play Series - Without An Evil Eye,https://www.ticketmaster.ca/gifts-of-life-israeli-play-series-toronto-ontario-11-08-2025/event/10006299CFF34F7A,2025-11-09T01:00:00Z,2025-11-08,20:00:00,Arts & Theatre,Theatre,Drama,,,,Meridian Arts Centre: Greenwin Theatre,Toronto,ON,CA,43.76605800,-79.41449500,ticketmaster,,2025-11-09 01:00:00+00:00,
LvZ18QGB4A12gTZZvkKHv,DARKFIELD: SÉANCE | TORONTO,https://www.universe.com/events/darkfield-seance-toronto-tickets-51NJ8D?ref=ticketmaster,2025-11-09T01:00:00Z,2025-11-08,20:00:00,Arts & Theatre,Multimedia,Multimedia,,,,STACKT Market,Toronto,ON,CA,43.64095700,-79.40217000,ticketmaster,,2025-11-09 01:00:00+00:00,
17G8vxG62J8Uew7,Lil Tecca,https://www.ticketmaster.ca/lil-tecca-montreal-quebec-11-08-2025/event/310062F990D82C84,2025-11-09T01:00:00Z,2025-11-08,20:00:00,Music,Hip-Hop/Rap,French Rap,,,,L'Olympia,Montreal,QC,CA,45.51701000,-73.55687400,ticketmaster,,2025-11-09 01:00:00+00:00,
1Ad7ZbIGkl8R0Mj,Durand Jones & The Indications - Flowers Tour 2025,https://www.ticketmaster.ca/durand-jones-the-indications-flowers-tour-montreal-quebec-11-08-2025/event/3100628AD0BE4DDC,2025-11-09T01:00:00Z,2025-11-08,20:00:00,Music,R&B,Soul,,,,Théâtre Beanfield,Montreal,QC,CA,45.48286700,-73.57497300,ticketmaster,,2025-11-09 01:00:00+00:00,
LvZ18Q7lcwoRnGOZ-2pwE,KERALA DUST,https://www.universe.com/events/kerala-dust-tickets-SWG0ND?ref=ticketmaster,2025-11-09T01:00:00Z,2025-11-08,20:00:00,,,,,,,Fairmount Theatre,Montreal,QC,CA,45.52055000,-73.59846000,ticketmaster,,2025-11-09 01:00:00+00:00,
LvZ18QGBq_Q2gTZZvkfnk,DARKFIELD: FLIGHT | TORONTO,https://www.universe.com/events/darkfield-flight-toronto-tickets-BZ3WQG?ref=ticketmaster,2025-11-09T01:10:00Z,2025-11-08,20:10:00,Arts & Theatre,Multimedia,Multimedia,,,,STACKT Market,Toronto,ON,CA,43.64095700,-79.40217000,ticketmaster,,2025-11-09 01:10:00+00:00,
rZ7HnEZ1AfaY0S,DURRY - Your Friend From The Real World Tour w/ Vial,https://www.ticketweb.ca/event/durry-your-friend-lees-palace-tickets/14270933,2025-11-09T01:30:00Z,2025-11-08,20:30:00,Music,Alternative,Alternative,33.3,33.3,CAD,Lee's Palace,Toronto,ON,CA,43.665249,-79.409447,ticketmaster,,2025-11-09 01:30:00+00:00,33.3
rZ7HnEZ1AfpafN,Music That Moves in Support of MusiCounts presents BURTON CUMMINGS,https://www.ticketweb.ca/event/music-that-moves-in-support-under-the-neon-palms-at-tickets/14589523,2025-11-09T01:30:00Z,2025-11-08,20:30:00,Music,Rock,Pop,243.41,359.52,CAD,Under the Neon Palms at the El Mocambo,Toronto,ON,CA,43.657580,-79.400200,ticketmaster,,2025-11-09 01:30:00+00:00,243.41
LvZ18QGB4A12gTZZvkKHe,DARKFIELD: SÉANCE | TORONTO,https://www.universe.com/events/darkfield-seance-toronto-tickets-51NJ8D?ref=ticketmaster,2025-11-09T01:30:00Z,2025-11-08,20:30:00,Arts & Theatre,Multimedia,Multimedia,,,,STACKT Market,Toronto,ON,CA,43.64095700,-79.40217000,ticketmaster,,2025-11-09 01:30:00+00:00,
1AsZkG4Gkd2-e4I,Disco Queen Live,https://www.ticketmaster.ca/disco-queen-live-montreal-quebec-11-08-2025/event/31006315CF842568,2025-11-09T01:30:00Z,2025-11-08,20:30:00,Music,Dance/Electronic,Witchstep,,,,Le Balcon,Montreal,QC,CA,45.50601053,-73.56700723,ticketmaster,,2025-11-09 01:30:00+00:00,
LvZ18QGBq_Q2gTZZvkfn6,DARKFIELD: FLIGHT | TORONTO,https://www.universe.com/events/darkfield-flight-toronto-tickets-BZ3WQG?ref=ticketmaster,2025-11-09T01:40:00Z,2025-11-08,20:40:00,Arts & Theatre,Multimedia,Multimedia,,,,STACKT Market,Toronto,ON,CA,43.64095700,-79.40217000,ticketmaster,,2025-11-09 01:40:00+00:00,
rZ7HnEZ1AKr407,Hiroki Tanaka with Cutsleeve & Jo Passed,https://www.ticketweb.ca/event/hiroki-tanaka-with-cutsleeve-the-dance-cave-tickets/13795904,2025-11-09T02:00:00Z,2025-11-08,21:00:00,Music,Rock,Rock,27.16,27.16,CAD,The Dance Cave,Toronto,ON,CA,43.665244,-79.409452,ticketmaster,,2025-11-09 02:00:00+00:00,27.16
LvZ18QGB4A12gTZZvkKHd,DARKFIELD: SÉANCE | TORONTO,https://www.universe.com/events/darkfield-seance-toronto-tickets-51NJ8D?ref=ticketmaster,2025-11-09T02:00:00Z,2025-11-08,21:00:00,Arts & Theatre,Multimedia,Multimedia,,,,STACKT Market,Toronto,ON,CA,43.64095700,-79.40217000,ticketmaster,,2025-11-09 02:00:00+00:00,
Z7r9jZ1A7_gqU,Austin Nasso,https://www.ticketmaster.com/event/Z7r9jZ1A7_gqU,2025-11-09T02:00:00Z,2025-11-08,21:00:00,Undefined,,,,,,Comedy Bar - Danforth,Toronto,ON,CA,0,0,ticketmaster,,2025-11-09 02:00:00+00:00,
LvZ18QGBq_Q2gTZZvkfnF,DARKFIELD: FLIGHT | TORONTO,https://www.universe.com/events/darkfield-flight-toronto-tickets-BZ3WQG?ref=ticketmaster,2025-11-09T02:10:00Z,2025-11-08,21:10:00,Arts & Theatre,Multimedia,Multimedia,,,,STACKT Market,Toronto,ON,CA,43.64095700,-79.40217000,ticketmaster,,2025-11-09 02:10:00+00:00,
LvZ18QGB4A12gTZZvkKH7,DARKFIELD: SÉANCE | TORONTO,https://www.universe.com/events/darkfield-seance-toronto-tickets-51NJ8D?ref=ticketmaster,2025-11-09T02:30:00Z,2025-11-08,21:30:00,Arts & Theatre,Multimedia,Multimedia,,,,STACKT Market,Toronto,ON,CA,43.64095700,-79.40217000,ticketmaster,,2025-11-09 02:30:00+00:00,
LvZ18QGBq_Q2gTZZvkfna,DARKFIELD: FLIGHT | TORONTO,https://www.universe.com/events/darkfield-flight-toronto-tickets-BZ3WQG?ref=ticketmaster,2025-11-09T02:40:00Z,2025-11-08,21:40:00,Arts & Theatre,Multimedia,Multimedia,,,,STACKT Market,Toronto,ON,CA,43.64095700,-79.40217000,ticketmaster,,2025-11-09 02:40:00+00:00,
rZ7HnEZ1AKOpoV,Brighde Chaimbeul with Special Guests,https://www.ticketweb.ca/event/brighde-chaimbeul-with-special-guests-kingsway-club-tickets/13816474,2025-11-09T03:00:00Z,2025-11-08,19:00:00,Music,Folk,Scottish Folk,31.83,31.83,CAD,Kingsway Club,Vancouver,BC,CA,49.274200,-123.111893,ticketmaster,,2025-11-09 03:00:00+00:00,31.83
rZ7HnEZ1AfbOjK,Bart Skils,https://www.ticketweb.ca/event/bart-skils-coda-tickets/14620713,2025-11-09T03:00:00Z,2025-11-08,22:00:00,Music,Dance/Electronic,Techno,39.85,45.9,CAD,CODA,Toronto,ON,CA,43.665374,-79.411540,ticketmaster,,2025-11-09 03:00:00+00:00,39.85
rZ7HnEZ1AKOt8f,DUKE DUMONT,https://www.ticketweb.ca/event/duke-dumont-rebel-tickets/13829414,2025-11-09T03:00:00Z,2025-11-08,22:00:00,Music,Dance/Electronic,,58.53,83.91,CAD,REBEL,Toronto,ON,CA,43.640897,-79.354593,ticketmaster,,2025-11-09 03:00:00+00:00,58.53
1718vxG6C2PTODn,Kevin De Vries,https://www.ticketweb.ca/event/kevin-de-vries-131-mccormack-street-tickets/13859374?REFERRAL_ID=tmfeed,2025-11-09T03:00:00Z,2025-11-08,22:00:00,Music,Dance/Electronic,Witchstep,,,,131 McCormack Street,Toronto,ON,CA,,,ticketmaster,,2025-11-09 03:00:00+00:00,
LvZ18QGB4A12gTZZvkKHA,DARKFIELD: SÉANCE | TORONTO,https://www.universe.com/events/darkfield-seance-toronto-tickets-51NJ8D?ref=ticketmaster,2025-11-09T03:00:00Z,2025-11-08,22:00:00,Arts & Theatre,Multimedia,Multimedia,,,,STACKT Market,Toronto,ON,CA,43.64095700,-79.40217000,ticketmaster,,2025-11-09 03:00:00+00:00,
LvZ18QaKNkzG6aOZICoX1,SKEPSIS,https://www.universe.com/events/skepsis-tickets-L8S9WF?ref=ticketmaster,2025-11-09T03:00:00Z,2025-11-08,22:00:00,,,,,,,Newspeak,Montreal,QC,CA,45.51241400,-73.56209700,ticketmaster,,2025-11-09 03:00:00+00:00,
1718vxG62ZZbsrw,Flamingosis,https://www.ticketweb.ca/event/flamingosis-fortune-sound-club-tickets/13890454?REFERRAL_ID=tmfeed,2025-11-09T03:00:00Z,2025-11-08,19:00:00,Music,Hip-Hop/Rap,French Rap,,,,Fortune Sound Club,Vancouver,BC,CA,49.28051970,-123.10073820,ticketmaster,,2025-11-09 03:00:00+00:00,
1778vxG611HJVCs,Wyatt Flores,https://www.ticketmaster.ca/wyatt-flores-vancouver-british-columbia-11-08-2025/event/110062A2BC9B43B1,2025-11-09T03:00:00Z,2025-11-08,19:00:00,Music,Country,Country,,,,Commodore Ballroom,Vancouver,BC,CA,49.28064620,-123.12086520,ticketmaster,,2025-11-09 03:00:00+00:00,
1778vxG6CR9XVSc,Vancouver Canucks vs. Columbus Blue Jackets,https://www.ticketmaster.ca/vancouver-canucks-vs-columbus-blue-jackets-vancouver-british-columbia-11-08-2025/event/110062EBD7FB4CED,2025-11-09T03:00:00Z,2025-11-08,19:00:00,Sports,Hockey,NHL,,,,Rogers Arena,Vancouver,BC,CA,49.27766120,-123.10810740,ticketmaster,,2025-11-09 03:00:00+00:00,
1778vxG6GmXZPem,Skydiggers,https://www.ticketmaster.ca/skydiggers-vancouver-british-columbia-11-08-2025/event/110062CBBE0250AE,2025-11-09T03:00:00Z,2025-11-08,19:00:00,Music,Folk,Indie Folk,,,,Hollywood Theatre,Vancouver,BC,CA,49.26444400,-123.17456100,ticketmaster,,2025-11-09 03:00:00+00:00,
Z7r9jZ1A7_FoV,Flamingosis,https://www.ticketmaster.com/event/Z7r9jZ1A7_FoV,2025-11-09T03:00:00Z,2025-11-08,19:00:00,Music,Other,Other,,,,Fortune Sound Club,Vancouver,BC,CA,0,0,ticketmaster,,2025-11-09 03:00:00+00:00,
LvZ18QGBq_Q2gTZZvkfn1,DARKFIELD: FLIGHT | TORONTO,https://www.universe.com/events/darkfield-flight-toronto-tickets-BZ3WQG?ref=ticketmaster,2025-11-09T03:10:00Z,2025-11-08,22:10:00,Arts & Theatre,Multimedia,Multimedia,,,,STACKT Market,Toronto,ON,CA,43.64095700,-79.40217000,ticketmaster,,2025-11-09 03:10:00+00:00,
rZ7HnEZ1Af_9jN,THIS IS OUR DPRTMNT,https://www.ticketweb.ca/event/this-is-our-dprtmnt-dprtmnt-tickets/14657723,2025-11-09T03:30:00Z,2025-11-08,22:30:00,Music,Dance/Electronic,,0.0,31.74,CAD,DPRTMNT,Toronto,ON,CA,43.646470,-79.396890,ticketmaster,,2025-11-09 03:30:00+00:00,0.0
rZ7HnEZ1AfbU-N,Dancing Queen: ABBA x Queen Dance Party at Sneaky Dee's - Nov 8 2025,https://www.ticketweb.ca/event/dancing-queen-abba-x-queen-sneaky-dees-concert-venue-tickets/14636863,2025-11-09T03:30:00Z,2025-11-08,22:30:00,Music,Pop,Dance,7.43,12.79,CAD,Sneaky Dee's Concert Venue,Toronto,ON,CA,43.656413,-79.4074860,ticketmaster,,2025-11-09 03:30:00+00:00,7.43
rZ7HnEZ1AKPep7,"Mikayla Geier - Diva Tour 2025, Dacey",https://www.ticketweb.ca/event/mikayla-geier-diva-the-fox-cabaret-tickets/13942584,2025-11-09T03:30:00Z,2025-11-08,19:30:00,Music,Pop,Pop,26.12,26.12,CAD,The Fox Cabaret,Vancouver,BC,CA,49.264240,-123.101410,ticketmaster,,2025-11-09 03:30:00+00:00,26.12
rZ7HnEZ1AK-OGV,Virginia To Vegas with Nicky Mackenzie & Michaela Slinger,https://www.ticketweb.ca/event/virginia-to-vegas-with-nicky-the-pearl-tickets/13860334,2025-11-09T03:30:00Z,2025-11-08,19:30:00,Music,Pop,Pop,33.81,33.81,CAD,The Pearl,Vancouver,BC,CA,49.280658,-123.121407,ticketmaster,,2025-11-09 03:30:00+00:00,33.81
rZ7HnEZ1AKP9C7,"claire rousay presents a little death, Gretchen Korsmo",https://www.ticketweb.ca/event/claire-rousay-presents-a-little-the-wise-hall-tickets/13957384,2025-11-09T04:00:00Z,2025-11-08,20:00:00,Music,Alternative,Ambient Pop,14.8,36.31,CAD,The WISE Hall,Vancouver,BC,CA,49.277269,-123.066071,ticketmaster,,2025-11-09 04:00:00+00:00,14.8
1Av7ZbsGkm77dsb,Jesse & Joy - El Despecho Tour,https://www.ticketmaster.ca/jesse-joy-el-despecho-tour-vancouver-british-columbia-11-08-2025/event/1100631B84103C58,2025-11-09T04:00:00Z,2025-11-08,20:00:00,Music,Ballads/Romantic,Ballads/Romantic,,,,The Centre in Vancouver,Vancouver,BC,CA,49.27966620,-123.11664740,ticketmaster,,2025-11-09 04:00:00+00:00,
1A8ZkuoGkecA1SO,Premium Guided Tours of Scotiabank Arena,https://www.ticketmaster.ca/premium-guided-tours-of-scotiabank-arena-toronto-ontario-11-08-2025/event/10006351AD14ACE0,2025-11-09T04:59:00Z,2025-11-08,23:59:00,Miscellaneous,Undefined,Undefined,,,,Scotiabank Arena,Toronto,ON,CA,43.64392540,-79.37832340,ticketmaster,,2025-11-09 04:59:00+00:00,
1AvZZbsGksTkOzl,Guided Tours of Scotiabank Arena,https://www.ticketmaster.ca/guided-tours-of-scotiabank-arena-toronto-ontario-11-08-2025/event/1000631C7F1A0E2B,2025-11-09T04:59:00Z,2025-11-08,23:59:00,Miscellaneous,Undefined,Undefined,,,,Scotiabank Arena,Toronto,ON,CA,43.64392540,-79.37832340,ticketmaster,,2025-11-09 04:59:00+00:00,
16d7ZbS39G7zAw3,Visites Guidées Centre Bell - Bell Centre,https://www.ticketmaster.ca/visites-guidees-centre-bell-bell-centre-montreal-quebec-11-08-2025/event/3100633497E05C92,2025-11-09T04:59:00Z,2025-11-08,23:59:00,Miscellaneous,Undefined,Undefined,,,,Centre Bell,Montreal,QC,CA,45.49612900,-73.57047200,ticketmaster,,2025-11-09 04:59:00+00:00,
rZ7HnEZ1AK0wuf,No Joy with Diles Que No Me Maten & LöLä,https://www.ticketweb.ca/event/no-joy-with-diles-que-the-astoria-tickets/13932354,2025-11-09T05:00:00Z,2025-11-08,21:00:00,Music,Rock,Pop,25.66,25.66,CAD,The Astoria,Vancouver,BC,CA,49.281411,-123.087887,ticketmaster,,2025-11-09 05:00:00+00:00,25.66
rZ7HnEZ1Afutxd,They Are Gutting A Body Of Water with Sun Organ & Toner,https://www.ticketweb.ca/event/they-are-gutting-a-body-rickshaw-theatre-tickets/14369883,2025-11-09T05:00:00Z,2025-11-08,21:00:00,Music,Alternative,Alternative,32.8,32.8,CAD,Rickshaw Theatre,Vancouver,BC,CA,49.280983,-123.098359,ticketmaster,,2025-11-09 05:00:00+00:00,32.8
16e0ZbUuFG7woQS,The Office Party (Pres By. Modern Vintage) - Free RSVP,https://www.ticketweb.ca/event/the-office-party-pres-by-commonwealth-bar-stage-tickets/14664283?REFERRAL_ID=tmfeed,2025-11-09T05:00:00Z,2025-11-08,22:00:00,Music,Dance/Electronic,Witchstep,,,,Commonwealth Bar,Calgary,AB,CA,51.04357100,-114.07829800,ticketmaster,,2025-11-09 05:00:00+00:00,
1Ae0ZbVGkHgzZyv,Modern Vintage Saturdays - Free RSVP,https://www.ticketweb.ca/event/modern-vintage-saturdays-commonwealth-bar-stage-tickets/14625653?REFERRAL_ID=tmfeed,2025-11-09T05:00:00Z,2025-11-08,22:00:00,Music,Dance/Electronic,Witchstep,,,,Commonwealth Bar,Calgary,AB,CA,51.04357100,-114.07829800,ticketmaster,,2025-11-09 05:00:00+00:00,
rZ7HnEZ1Af_a4d,Totally 2000s (BCITMA),https://www.ticketweb.ca/event/totally-2000s-bcitma-fortune-sound-club-tickets/14649543,2025-11-09T06:00:00Z,2025-11-08,22:00:00,Music,Hip-Hop/Rap,Hip-Hop/Rap,13.85,13.85,CAD,Fortune Sound Club,Vancouver,BC,CA,49.280528,-123.100751,ticketmaster,,2025-11-09 06:00:00+00:00,13.85
1Ae0ZbYGky7uoeG,Murphys Law (Uk),https://www.ticketweb.ca/event/murphys-law-uk-village-studios-tickets/13957494?REFERRAL_ID=tmfeed,2025-11-09T06:00:00Z,2025-11-08,22:00:00,Music,Dance/Electronic,Witchstep,,,,Village Studios,Vancouver,BC,CA,49.27950169,-123.12999180,ticketmaster,,2025-11-09 06:00:00+00:00,
1Ae0ZbwGkHaEe-k,veggi,https://www.ticketweb.ca/event/veggi-fortune-sound-club-tickets/14562793?REFERRAL_ID=tmfeed,2025-11-09T06:00:00Z,2025-11-08,22:00:00,Music,Dance/Electronic,Witchstep,,,,Fortune Sound Club,Vancouver,BC,CA,49.28051970,-123.10073820,ticketmaster,,2025-11-09 06:00:00+00:00,
1k18vNk3GA1h34x,Bijou,https://www.ticketweb.ca/event/bijou-celebrities-nightclub-tickets/14516563?REFERRAL_ID=tmfeed,2025-11-09T06:00:00Z,2025-11-08,22:00:00,Music,Dance/Electronic,Witchstep,,,,Celebrities,Vancouver,BC,CA,49.27967200,-123.13029300,ticketmaster,,2025-11-09 06:00:00+00:00,
rZ7HnEZ1Af4gPS,GIMME GIMME DISCO with Special Guests,https://www.ticketweb.ca/event/gimme-gimme-disco-with-special-the-pearl-tickets/14575973,2025-11-09T07:00:00Z,2025-11-08,23:00:00,Music,Dance/Electronic,Disco,19.69,33.81,CAD,The Pearl,Vancouver,BC,CA,49.280658,-123.121407,ticketmaster,,2025-11-09 07:00:00+00:00,19.69
1Ae0ZbwGklGms7g,Casa Loma General Admission,https://www.ticketweb.ca/event/casa-loma-general-admission-casa-loma-tickets/14551093?REFERRAL_ID=tmfeed,2025-11-09T14:30:00Z,2025-11-09,09:30:00,Miscellaneous,Undefined,Undefined,,,,Casa Loma,Toronto,ON,CA,43.67813770,-79.40961500,ticketmaster,,2025-11-09 14:30:00+00:00,
LvZ18QGB4AvFkqOZviQHw,DARKFIELD: SÉANCE | TORONTO,https://www.universe.com/events/darkfield-seance-toronto-tickets-51NJ8D?ref=ticketmaster,2025-11-09T17:00:00Z,2025-11-09,12:00:00,Arts & Theatre,Multimedia,Multimedia,,,,STACKT Market,Toronto,ON,CA,43.64095700,-79.40217000,ticketmaster,,2025-11-09 17:00:00+00:00,
LvZ18QGBq_4p3Z8ZvTv0Y,DARKFIELD: FLIGHT | TORONTO,https://www.universe.com/events/darkfield-flight-toronto-tickets-BZ3WQG?ref=ticketmaster,2025-11-09T17:10:00Z,2025-11-09,12:10:00,Arts & Theatre,Multimedia,Multimedia,,,,STACKT Market,Toronto,ON,CA,43.64095700,-79.40217000,ticketmaster,,2025-11-09 17:10:00+00:00,
LvZ18QGB4AvFkqOZviQHS,DARKFIELD: SÉANCE | TORONTO,https://www.universe.com/events/darkfield-seance-toronto-tickets-51NJ8D?ref=ticketmaster,2025-11-09T17:30:00Z,2025-11-09,12:30:00,Arts & Theatre,Multimedia,Multimedia,,,,STACKT Market,Toronto,ON,CA,43.64095700,-79.40217000,ticketmaster,,2025-11-09 17:30:00+00:00,
LvZ18QGBq_4p3Z8ZvTv0s,DARKFIELD: FLIGHT | TORONTO,https://www.universe.com/events/darkfield-flight-toronto-tickets-BZ3WQG?ref=ticketmaster,2025-11-09T17:40:00Z,2025-11-09,12:40:00,Arts & Theatre,Multimedia,Multimedia,,,,STACKT Market,Toronto,ON,CA,43.64095700,-79.40217000,ticketmaster,,2025-11-09 17:40:00+00:00,
LvZ18QGB4AvFkqOZviQHV,DARKFIELD: SÉANCE | TORONTO,https://www.universe.com/events/darkfield-seance-toronto-tickets-51NJ8D?ref=ticketmaster,2025-11-09T18:00:00Z,2025-11-09,13:00:00,Arts & Theatre,Multimedia,Multimedia,,,,STACKT Market,Toronto,ON,CA,43.64095700,-79.40217000,ticketmaster,,2025-11-09 18:00:00+00:00,
17G8vxG6unEkwRW,Mrs. Doubtfire,https://www.ticketmaster.ca/mrs-doubtfire-ottawa-ontario-11-09-2025/event/310062DAA71B2BFD,2025-11-09T18:00:00Z,2025-11-09,13:00:00,Arts & Theatre,Theatre,Musical,,,,National Arts Centre / Centre national des Arts,Ottawa,ON,CA,45.42323700,-75.69222800,ticketmaster,,2025-11-09 18:00:00+00:00,
LvZ18QGBq_4p3Z8ZvTv0w,DARKFIELD: FLIGHT | TORONTO,https://www.universe.com/events/darkfield-flight-toronto-tickets-BZ3WQG?ref=ticketmaster,2025-11-09T18:10:00Z,2025-11-09,13:10:00,Arts & Theatre,Multimedia,Multimedia,,,,STACKT Market,Toronto,ON,CA,43.64095700,-79.40217000,ticketmaster,,2025-11-09 18:10:00+00:00,
1k7Zv-OzGA29OmH,Family Day at the Royal Horse Show,https://www.ticketmaster.ca/family-day-at-the-royal-horse-toronto-ontario-11-09-2025/event/100061838F5E0BBC,2025-11-09T18:30:00Z,2025-11-09,13:30:00,Sports,Equestrian,Equestrian,,,,Coca-Cola Coliseum,Toronto,ON,CA,43.63509680,-79.41572430,ticketmaster,,2025-11-09 18:30:00+00:00,
LvZ18QGB4AvFkqOZviQHg,DARKFIELD: SÉANCE | TORONTO,https://www.universe.com/events/darkfield-seance-toronto-tickets-51NJ8D?ref=ticketmaster,2025-11-09T18:30:00Z,2025-11-09,13:30:00,Arts & Theatre,Multimedia,Multimedia,,,,STACKT Market,Toronto,ON,CA,43.64095700,-79.40217000,ticketmaster,,2025-11-09 18:30:00+00:00,
LvZ18QGBq_4p3Z8ZvTv0S,DARKFIELD: FLIGHT | TORONTO,https://www.universe.com/events/darkfield-flight-toronto-tickets-BZ3WQG?ref=ticketmaster,2025-11-09T18:40:00Z,2025-11-09,13:40:00,Arts & Theatre,Multimedia,Multimedia,,,,STACKT Market,Toronto,ON,CA,43.64095700,-79.40217000,ticketmaster,,2025-11-09 18:40:00+00:00,
rZ7HnEZ1Af4FfK,Northern Touch Women's Basketball Invitational,https://www.ticketweb.ca/event/northern-touch-womens-basketball-invitational-mattamy-athletic-centre-tickets/14548513,2025-11-09T19:00:00Z,2025-11-09,14:00:00,Sports,Basketball,,35.0,35.0,CAD,Mattamy Athletic Centre,Toronto,ON,CA,43.662302,-79.379993,ticketmaster,,2025-11-09 19:00:00+00:00,35.0
1A8Zk1_Gkd2SVWf,Gifts Of Life: Israeli Play Series - Without An Evil Eye,https://www.ticketmaster.ca/gifts-of-life-israeli-play-series-toronto-ontario-11-09-2025/event/10006299CFCF4F54,2025-11-09T19:00:00Z,2025-11-09,14:00:00,Arts & Theatre,Theatre,Drama,,,,Meridian Arts Centre: Greenwin Theatre,Toronto,ON,CA,43.76605800,-79.41449500,ticketmaster,,2025-11-09 19:00:00+00:00,
1AvZZbsGklAF3NI,NSL Playoffs: AFC Toronto v. Montréal Roses FC,https://www.ticketmaster.ca/nsl-playoffs-afc-toronto-v-montreal-toronto-ontario-11-09-2025/event/1000631AC52128E8,2025-11-09T19:00:00Z,2025-11-09,14:00:00,Sports,Soccer,Soccer,,,,York Lions Stadium,Toronto,ON,CA,43.77305300,-79.50355200,ticketmaster,,2025-11-09 19:00:00+00:00,
LvZ18QGB4AvFkqOZviQHU,DARKFIELD: SÉANCE | TORONTO,https://www.universe.com/events/darkfield-seance-toronto-tickets-51NJ8D?ref=ticketmaster,2025-11-09T19:00:00Z,2025-11-09,14:00:00,Arts & Theatre,Multimedia,Multimedia,,,,STACKT Market,Toronto,ON,CA,43.64095700,-79.40217000,ticketmaster,,2025-11-09 19:00:00+00:00,
LvZ18QGBq_4p3Z8ZvTv0V,DARKFIELD: FLIGHT | TORONTO,https://www.universe.com/events/darkfield-flight-toronto-tickets-BZ3WQG?ref=ticketmaster,2025-11-09T19:10:00Z,2025-11-09,14:10:00,Arts & Theatre,Multimedia,Multimedia,,,,STACKT Market,Toronto,ON,CA,43.64095700,-79.40217000,ticketmaster,,2025-11-09 19:10:00+00:00,
LvZ18QGB4AvFkqOZviQHM,DARKFIELD: SÉANCE | TORONTO,https://www.universe.com/events/darkfield-seance-toronto-tickets-51NJ8D?ref=ticketmaster,2025-11-09T19:30:00Z,2025-11-09,14:30:00,Arts & Theatre,Multimedia,Multimedia,,,,STACKT Market,Toronto,ON,CA,43.64095700,-79.40217000,ticketmaster,,2025-11-09 19:30:00+00:00,
LvZ18QGBq_4p3Z8ZvTv0g,DARKFIELD: FLIGHT | TORONTO,https://www.universe.com/events/darkfield-flight-toronto-tickets-BZ3WQG?ref=ticketmaster,2025-11-09T19:40:00Z,2025-11-09,14:40:00,Arts & Theatre,Multimedia,Multimedia,,,,STACKT Market,Toronto,ON,CA,43.64095700,-79.40217000,ticketmaster,,2025-11-09 19:40:00+00:00,
LvZ18QGB4AvFkqOZviQHz,DARKFIELD: SÉANCE | TORONTO,https://www.universe.com/events/darkfield-seance-toronto-tickets-51NJ8D?ref=ticketmaster,2025-11-09T20:00:00Z,2025-11-09,15:00:00,Arts & Theatre,Multimedia,Multimedia,,,,STACKT Market,Toronto,ON,CA,43.64095700,-79.40217000,ticketmaster,,2025-11-09 20:00:00+00:00,
LvZ18QGBq_4p3Z8ZvTv0U,DARKFIELD: FLIGHT | TORONTO,https://www.universe.com/events/darkfield-flight-toronto-tickets-BZ3WQG?ref=ticketmaster,2025-11-09T20:10:00Z,2025-11-09,15:10:00,Arts & Theatre,Multimedia,Multimedia,,,,STACKT Market,Toronto,ON,CA,43.64095700,-79.40217000,ticketmaster,,2025-11-09 20:10:00+00:00,
LvZ18QGB4AvFkqOZviQHy,DARKFIELD: SÉANCE | TORONTO,https://www.universe.com/events/darkfield-seance-toronto-tickets-51NJ8D?ref=ticketmaster,2025-11-09T20:30:00Z,2025-11-09,15:30:00,Arts & Theatre,Multimedia,Multimedia,,,,STACKT Market,Toronto,ON,CA,43.64095700,-79.40217000,ticketmaster,,2025-11-09 20:30:00+00:00,
LvZ18QGBq_4p3Z8ZvTv0M,DARKFIELD: FLIGHT | TORONTO,https://www.universe.com/events/darkfield-flight-toronto-tickets-BZ3WQG?ref=ticketmaster,2025-11-09T20:40:00Z,2025-11-09,15:40:00,Arts & Theatre,Multimedia,Multimedia,,,,STACKT Market,Toronto,ON,CA,43.64095700,-79.40217000,ticketmaster,,2025-11-09 20:40:00+00:00,
LvZ18QGB4AvFkqOZviQHB,DARKFIELD: SÉANCE | TORONTO,https://www.universe.com/events/darkfield-seance-toronto-tickets-51NJ8D?ref=ticketmaster,2025-11-09T21:00:00Z,2025-11-09,16:00:00,Arts & Theatre,Multimedia,Multimedia,,,,STACKT Market,Toronto,ON,CA,43.64095700,-79.40217000,ticketmaster,,2025-11-09 21:00:00+00:00,
17G8vxG65eQ9eS9,Héneault chante Reno,https://www.ticketmaster.ca/heneault-chante-reno-montreal-quebec-11-09-2025/event/310062B09A5C2CD7,2025-11-09T21:00:00Z,2025-11-09,16:00:00,Music,Chanson Francaise,Chanson Francaise,,,,CABARET DU CASINO DE MONTREAL,Montreal,QC,CA,45.50670840,-73.52595120,ticketmaster,,2025-11-09 21:00:00+00:00,
LvZ18QGBq_4p3Z8ZvTv0z,DARKFIELD: FLIGHT | TORONTO,https://www.universe.com/events/darkfield-flight-toronto-tickets-BZ3WQG?ref=ticketmaster,2025-11-09T21:10:00Z,2025-11-09,16:10:00,Arts & Theatre,Multimedia,Multimedia,,,,STACKT Market,Toronto,ON,CA,43.64095700,-79.40217000,ticketmaster,,2025-11-09 21:10:00+00:00,
LvZ18QGB4AvFkqOZviQHD,DARKFIELD: SÉANCE | TORONTO,https://www.universe.com/events/darkfield-seance-toronto-tickets-51NJ8D?ref=ticketmaster,2025-11-09T21:30:00Z,2025-11-09,16:30:00,Arts & Theatre,Multimedia,Multimedia,,,,STACKT Market,Toronto,ON,CA,43.64095700,-79.40217000,ticketmaster,,2025-11-09 21:30:00+00:00,
LvZ18QGBq_4p3Z8ZvTv0y,DARKFIELD: FLIGHT | TORONTO,https://www.universe.com/events/darkfield-flight-toronto-tickets-BZ3WQG?ref=ticketmaster,2025-11-09T21:40:00Z,2025-11-09,16:40:00,Arts & Theatre,Multimedia,Multimedia,,,,STACKT Market,Toronto,ON,CA,43.64095700,-79.40217000,ticketmaster,,2025-11-09 21:40:00+00:00,
LvZ18QGB4AvFkqOZviQHH,DARKFIELD: SÉANCE | TORONTO,https://www.universe.com/events/darkfield-seance-toronto-tickets-51NJ8D?ref=ticketmaster,2025-11-09T22:00:00Z,2025-11-09,17:00:00,Arts & Theatre,Multimedia,Multimedia,,,,STACKT Market,Toronto,ON,CA,43.64095700,-79.40217000,ticketmaster,,2025-11-09 22:00:00+00:00,
1AsZkGtGkdtO0CQ,2025 CPL FINAL: Atlético Ottawa v. Cavalry FC ,https://www.ticketmaster.ca/2025-cpl-final-atletico-ottawa-v-ottawa-ontario-11-09-2025/event/31006329E982439A,2025-11-09T22:00:00Z,2025-11-09,17:00:00,Sports,Soccer,Soccer,,,,The Stadium at TD Place,Ottawa,ON,CA,45.39911174,-75.68335822,ticketmaster,,2025-11-09 22:00:00+00:00,
LvZ18QGBq_4p3Z8ZvTv0B,DARKFIELD: FLIGHT | TORONTO,https://www.universe.com/events/darkfield-flight-toronto-tickets-BZ3WQG?ref=ticketmaster,2025-11-09T22:10:00Z,2025-11-09,17:10:00,Arts & Theatre,Multimedia,Multimedia,,,,STACKT Market,Toronto,ON,CA,43.64095700,-79.40217000,ticketmaster,,2025-11-09 22:10:00+00:00,
LvZ18QGB4AvFkqOZviQHW,DARKFIELD: SÉANCE | TORONTO,https://www.universe.com/events/darkfield-seance-toronto-tickets-51NJ8D?ref=ticketmaster,2025-11-09T22:30:00Z,2025-11-09,17:30:00,Arts & Theatre,Multimedia,Multimedia,,,,STACKT Market,Toronto,ON,CA,43.64095700,-79.40217000,ticketmaster,,2025-11-09 22:30:00+00:00,
LvZ18QGBq_4p3Z8ZvTv0D,DARKFIELD: FLIGHT | TORONTO,https://www.universe.com/events/darkfield-flight-toronto-tickets-BZ3WQG?ref=ticketmaster,2025-11-09T22:40:00Z,2025-11-09,17:40:00,Arts & Theatre,Multimedia,Multimedia,,,,STACKT Market,Toronto,ON,CA,43.64095700,-79.40217000,ticketmaster,,2025-11-09 22:40:00+00:00,
1A8ZkGwGkdd5PNt,Emilio Lovera: Ahora El Malandro Si Está Asustado,https://www.ticketmaster.ca/emilio-lovera-ahora-el-malandro-si-toronto-ontario-11-09-2025/event/10006332C32E58E9,2025-11-09T23:00:00Z,2025-11-09,18:00:00,Arts & Theatre,Comedy,Comedy,,,,The Danforth Music Hall,Toronto,ON,CA,43.67644920,-79.35710140,ticketmaster,,2025-11-09 23:00:00+00:00,
LvZ18QGB4AvFkqOZviQHX,DARKFIELD: SÉANCE | TORONTO,https://www.universe.com/events/darkfield-seance-toronto-tickets-51NJ8D?ref=ticketmaster,2025-11-09T23:00:00Z,2025-11-09,18:00:00,Arts & Theatre,Multimedia,Multimedia,,,,STACKT Market,Toronto,ON,CA,43.64095700,-79.40217000,ticketmaster,,2025-11-09 23:00:00+00:00,
LvZ18QGBq_4p3Z8ZvTv0H,DARKFIELD: FLIGHT | TORONTO,https://www.universe.com/events/darkfield-flight-toronto-tickets-BZ3WQG?ref=ticketmaster,2025-11-09T23:10:00Z,2025-11-09,18:10:00,Arts & Theatre,Multimedia,Multimedia,,,,STACKT Market,Toronto,ON,CA,43.64095700,-79.40217000,ticketmaster,,2025-11-09 23:10:00+00:00,
LvZ18QGB4AvFkqOZviQHT,DARKFIELD: SÉANCE | TORONTO,https://www.universe.com/events/darkfield-seance-toronto-tickets-51NJ8D?ref=ticketmaster,2025-11-09T23:30:00Z,2025-11-09,18:30:00,Arts & Theatre,Multimedia,Multimedia,,,,STACKT Market,Toronto,ON,CA,43.64095700,-79.40217000,ticketmaster,,2025-11-09 23:30:00+00:00,
LvZ18QGBq_4p3Z8ZvTv0W,DARKFIELD: FLIGHT | TORONTO,https://www.universe.com/events/darkfield-flight-toronto-tickets-BZ3WQG?ref=ticketmaster,2025-11-09T23:40:00Z,2025-11-09,18:40:00,Arts & Theatre,Multimedia,Multimedia,,,,STACKT Market,Toronto,ON,CA,43.64095700,-79.40217000,ticketmaster,,2025-11-09 23:40:00+00:00,
rZ7HnEZ1Afb30N,JIM LEGXACY,https://www.ticketweb.ca/event/jim-legxacy-the-garrison-tickets/14612923,2025-11-10T00:00:00Z,2025-11-09,19:00:00,Music,Hip-Hop/Rap,British Rap,0.0,0.0,CAD,The Garrison,Toronto,ON,CA,43.649130,-79.422350,ticketmaster,,2025-11-10 00:00:00+00:00,0.0
rZ7HnEZ1AKPpGV,TMU Bold vs Brock (Men's Basketball),https://www.ticketweb.ca/event/tmu-bold-vs-brock-mens-mattamy-athletic-centre-tickets/13956334,2025-11-10T00:00:00Z,2025-11-09,19:00:00,Sports,Basketball,,9.0,14.0,CAD,Mattamy Athletic Centre,Toronto,ON,CA,43.662302,-79.379993,ticketmaster,,2025-11-10 00:00:00+00:00,9.0
rZ7HnEZ1AffIZN,Billy Woods,https://www.ticketweb.ca/event/billy-woods-lees-palace-tickets/14528023,2025-11-10T00:00:00Z,2025-11-09,19:00:00,Music,Hip-Hop/Rap,Hip-Hop/Rap,42.38,42.38,CAD,Lee's Palace,Toronto,ON,CA,43.665249,-79.409447,ticketmaster,,2025-11-10 00:00:00+00:00,42.38
168ZkG0J_ZACd6FC,Chris Lanzon - You're Missing The Best Part Tour,https://www.ticketmaster.ca/chris-lanzon-youre-missing-the-best-toronto-ontario-11-09-2025/event/10006324999D267D,2025-11-10T00:00:00Z,2025-11-09,19:00:00,Music,Pop,Pop,,,,The Drake Hotel,Toronto,ON,CA,43.64310780,-79.42464570,ticketmaster,,2025-11-10 00:00:00+00:00,
177ZvxG62rigd5X,HOCKEY HALL OF FAME GAME | Toronto Maple Leafs v Carolina Hurricanes,https://www.ticketmaster.ca/hockey-hall-of-fame-game-toronto-toronto-ontario-11-09-2025/event/100062F7ACD432FE,2025-11-10T00:00:00Z,2025-11-09,19:00:00,Sports,Hockey,NHL,,,,Scotiabank Arena,Toronto,ON,CA,43.64392540,-79.37832340,ticketmaster,,2025-11-10 00:00:00+00:00,
177ZvxG65BHE784,Atsuko Okatsuka: The Big Bowl Tour,https://www.ticketmaster.ca/atsuko-okatsuka-the-big-bowl-tour-toronto-ontario-11-09-2025/event/100062BEBC9C4415,2025-11-10T00:00:00Z,2025-11-09,19:00:00,Arts & Theatre,Comedy,Comedy,,,,Meridian Hall,Toronto,ON,CA,43.64681820,-79.37666570,ticketmaster,,2025-11-10 00:00:00+00:00,
177ZvxG65LBY4ZS,Frost Children,https://www.ticketmaster.ca/frost-children-toronto-ontario-11-09-2025/event/100062B7FAC15033,2025-11-10T00:00:00Z,2025-11-09,19:00:00,Music,Pop,Pop,,,,Longboat Hall,Toronto,ON,CA,43.64335000,-79.42202000,ticketmaster,,2025-11-10 00:00:00+00:00,
177ZvxG6GS2qf9o,Kerala Dust,https://www.ticketmaster.ca/kerala-dust-toronto-ontario-11-09-2025/event/100062CCCF7545D1,2025-11-10T00:00:00Z,2025-11-09,19:00:00,Music,Dance/Electronic,Witchstep,,,,The Mod Club (formerly known as The Axis Club),Toronto,ON,CA,43.65516550,-79.41906360,ticketmaster,,2025-11-10 00:00:00+00:00,
177ZvxG6u6z7MAz,The Band CAMINO: The NeverAlways Tour with special guest almost monday,https://www.ticketmaster.ca/the-band-camino-the-neveralways-tour-toronto-ontario-11-09-2025/event/100062D1F8137178,2025-11-10T00:00:00Z,2025-11-09,19:00:00,Music,Rock,Alternative Rock,,,,History,Toronto,ON,CA,43.66684147,-79.31351149,ticketmaster,,2025-11-10 00:00:00+00:00,
1A8Zk1_Gkd2WVWW,Gifts Of Life: Israeli Play Series - Without An Evil Eye (IN HEBREW),https://www.ticketmaster.ca/gifts-of-life-israeli-play-series-toronto-ontario-11-09-2025/event/10006299CFF74F7D,2025-11-10T00:00:00Z,2025-11-09,19:00:00,Arts & Theatre,Theatre,Drama,,,,Meridian Arts Centre: Greenwin Theatre,Toronto,ON,CA,43.76605800,-79.41449500,ticketmaster,,2025-11-10 00:00:00+00:00,
1A8Zku0GkeDfafg,Leafs Fan Access Plus Ups: Photos on the Bench Post-Game V,https://www.ticketmaster.ca/leafs-fan-access-plus-ups-photos-toronto-ontario-11-09-2025/event/10006364BB509535,2025-11-10T00:00:00Z,2025-11-09,19:00:00,Miscellaneous,Undefined,Undefined,,,,Scotiabank Arena,Toronto,ON,CA,43.64392540,-79.37832340,ticketmaster,,2025-11-10 00:00:00+00:00,
1A8Zku0GkeDftfz,Leafs Fan Access Plus Ups: Penalty Box Experience - Warm-Up V,https://www.ticketmaster.ca/leafs-fan-access-plus-ups-penalty-toronto-ontario-11-09-2025/event/10006364BB529538,2025-11-10T00:00:00Z,2025-11-09,19:00:00,Miscellaneous,Undefined,Undefined,,,,Scotiabank Arena,Toronto,ON,CA,43.64392540,-79.37832340,ticketmaster,,2025-11-10 00:00:00+00:00,
LvZ18QGB4AvFkqOZviQWZ,DARKFIELD: SÉANCE | TORONTO,https://www.universe.com/events/darkfield-seance-toronto-tickets-51NJ8D?ref=ticketmaster,2025-11-10T00:00:00Z,2025-11-09,19:00:00,Arts & Theatre,Multimedia,Multimedia,,,,STACKT Market,Toronto,ON,CA,43.64095700,-79.40217000,ticketmaster,,2025-11-10 00:00:00+00:00,
1kG8vNv_GAusxvO,Ottawa Senators vs. Utah Mammoth,https://www.ticketmaster.ca/ottawa-senators-vs-utah-mammoth-kanata-ontario-11-09-2025/event/310063059DC62060,2025-11-10T00:00:00Z,2025-11-09,19:00:00,Sports,Hockey,NHL,,,,Canadian Tire Centre,Kanata,ON,CA,45.2965202,-75.9271956,ticketmaster,,2025-11-10 00:00:00+00:00,
LvZ18QGBq_4p3Z8ZvTv0X,DARKFIELD: FLIGHT | TORONTO,https://www.universe.com/events/darkfield-flight-toronto-tickets-BZ3WQG?ref=ticketmaster,2025-11-10T00:10:00Z,2025-11-09,19:10:00,Arts & Theatre,Multimedia,Multimedia,,,,STACKT Market,Toronto,ON,CA,43.64095700,-79.40217000,ticketmaster,,2025-11-10 00:10:00+00:00,
1A8ZkuaGkeHCCs0,Sina Bathaie,https://www.ticketmaster.ca/sina-bathaie-toronto-ontario-11-09-2025/event/10006349BC38EC64,2025-11-10T00:30:00Z,2025-11-09,19:30:00,Music,Dance/Electronic,Witchstep,,,,The Opera House,Toronto,ON,CA,43.65900020,-79.34877430,ticketmaster,,2025-11-10 00:30:00+00:00,
LvZ18QGB4AvFkqOZviQWv,DARKFIELD: SÉANCE | TORONTO,https://www.universe.com/events/darkfield-seance-toronto-tickets-51NJ8D?ref=ticketmaster,2025-11-10T00:30:00Z,2025-11-09,19:30:00,Arts & Theatre,Multimedia,Multimedia,,,,STACKT Market,Toronto,ON,CA,43.64095700,-79.40217000,ticketmaster,,2025-11-10 00:30:00+00:00,
17G8vxG6unLSxER,Mrs. Doubtfire,https://www.ticketmaster.ca/mrs-doubtfire-ottawa-ontario-11-09-2025/event/310062DA9FCE29EF,2025-11-10T00:30:00Z,2025-11-09,19:30:00,Arts & Theatre,Theatre,Musical,,,,National Arts Centre / Centre national des Arts,Ottawa,ON,CA,45.42323700,-75.69222800,ticketmaster,,2025-11-10 00:30:00+00:00,
LvZ18QGBq_4p3Z8ZvTv0T,DARKFIELD: FLIGHT | TORONTO,https://www.universe.com/events/darkfield-flight-toronto-tickets-BZ3WQG?ref=ticketmaster,2025-11-10T00:40:00Z,2025-11-09,19:40:00,Arts & Theatre,Multimedia,Multimedia,,,,STACKT Market,Toronto,ON,CA,43.64095700,-79.40217000,ticketmaster,,2025-11-10 00:40:00+00:00,
rZ7HnEZ1Afp4-K,Sultaan Rap God tour,https://www.ticketweb.ca/event/sultaan-rap-god-tour-the-phoenix-concert-theatre-tickets/14595853,2025-11-10T01:00:00Z,2025-11-09,20:00:00,Music,Hip-Hop/Rap,Hip-Hop/Rap,44.64,116.24,CAD,The Phoenix Concert Theatre,Toronto,ON,CA,43.664730,-79.374200,ticketmaster,,2025-11-10 01:00:00+00:00,44.64
LvZ18QGB4AvFkqOZviQWe,DARKFIELD: SÉANCE | TORONTO,https://www.universe.com/events/darkfield-seance-toronto-tickets-51NJ8D?ref=ticketmaster,2025-11-10T01:00:00Z,2025-11-09,20:00:00,Arts & Theatre,Multimedia,Multimedia,,,,STACKT Market,Toronto,ON,CA,43.64095700,-79.40217000,ticketmaster,,2025-11-10 01:00:00+00:00,
1kG8vNG_GA5RUKi,GUY2BEZBAR EN CONCERT À MONTREAL,https://www.ticketmaster.ca/guy2bezbar-en-concert-a-montreal-montreal-quebec-11-09-2025/event/310063319BBF64EC,2025-11-10T01:00:00Z,2025-11-09,20:00:00,Music,Hip-Hop/Rap,French Rap,,,,L'Olympia,Montreal,QC,CA,45.51701000,-73.55687400,ticketmaster,,2025-11-10 01:00:00+00:00,
LvZ18QGBq_4p3Z8ZvTvPZ,DARKFIELD: FLIGHT | TORONTO,https://www.universe.com/events/darkfield-flight-toronto-tickets-BZ3WQG?ref=ticketmaster,2025-11-10T01:10:00Z,2025-11-09,20:10:00,Arts & Theatre,Multimedia,Multimedia,,,,STACKT Market,Toronto,ON,CA,43.64095700,-79.40217000,ticketmaster,,2025-11-10 01:10:00+00:00,
1778vxG61U7-vMj,Wyatt Flores,https://www.ticketmaster.ca/wyatt-flores-vancouver-british-columbia-11-09-2025/event/110062AD84841DDC,2025-11-10T03:00:00Z,2025-11-09,19:00:00,Music,Country,Country,,,,Commodore Ballroom,Vancouver,BC,CA,49.28064620,-123.12086520,ticketmaster,,2025-11-10 03:00:00+00:00,
1778vxG6CR9T0Ss,Vancouver Canucks vs. Colorado Avalanche,https://www.ticketmaster.ca/vancouver-canucks-vs-colorado-avalanche-vancouver-british-columbia-11-09-2025/event/110062EBD7FE4CF1,2025-11-10T03:00:00Z,2025-11-09,19:00:00,Sports,Hockey,NHL,,,,Rogers Arena,Vancouver,BC,CA,49.27766120,-123.10810740,ticketmaster,,2025-11-10 03:00:00+00:00,
rZ7HnEZ1Aff3od,Arash Sobhani Live in Vancouver,https://www.ticketweb.ca/event/arash-sobhani-live-in-vancouver-the-pearl-tickets/14512443,2025-11-10T03:30:00Z,2025-11-09,19:30:00,Music,Jazz,World Jazz,65.15,65.15,CAD,The Pearl,Vancouver,BC,CA,49.280658,-123.121407,ticketmaster,,2025-11-10 03:30:00+00:00,65.15
1A8Zku9GkdvwuD4,Premium Guided Tours of Scotiabank Arena,https://www.ticketmaster.ca/premium-guided-tours-of-scotiabank-arena-toronto-ontario-11-09-2025/event/10006357C1C8DED5,2025-11-10T04:59:00Z,2025-11-09,23:59:00,Miscellaneous,Undefined,Undefined,,,,Scotiabank Arena,Toronto,ON,CA,43.64392540,-79.37832340,ticketmaster,,2025-11-10 04:59:00+00:00,
1A8ZkukGkdtzC62,Leafs VIP Guided Tour of Scotiabank Arena,https://www.ticketmaster.ca/leafs-vip-guided-tour-of-scotiabank-toronto-ontario-11-09-2025/event/10006346E9E0E1CF,2025-11-10T04:59:00Z,2025-11-09,23:59:00,Miscellaneous,Undefined,Undefined,,,,Scotiabank Arena,Toronto,ON,CA,43.64392540,-79.37832340,ticketmaster,,2025-11-10 04:59:00+00:00,
1AvZZbsGksTkYzs,Guided Tours of Scotiabank Arena,https://www.ticketmaster.ca/guided-tours-of-scotiabank-arena-toronto-ontario-11-09-2025/event/1000631C7F1B0E31,2025-11-10T04:59:00Z,2025-11-09,23:59:00,Miscellaneous,Undefined,Undefined,,,,Scotiabank Arena,Toronto,ON,CA,43.64392540,-79.37832340,ticketmaster,,2025-11-10 04:59:00+00:00,
16d7ZbS39G7zPwb,Visites Guidées Centre Bell - Bell Centre,https://www.ticketmaster.ca/visites-guidees-centre-bell-bell-centre-montreal-quebec-11-09-2025/event/3100633497E25C98,2025-11-10T04:59:00Z,2025-11-09,23:59:00,Miscellaneous,Undefined,Undefined,,,,Centre Bell,Montreal,QC,CA,45.49612900,-73.57047200,ticketmaster,,2025-11-10 04:59:00+00:00,
rZ7HnEZ1Af_OAN,In-D-Dance presents Prom Night,https://www.ticketweb.ca/event/in-d-dance-presents-prom-fortune-sound-club-tickets/14660163,2025-11-10T05:00:00Z,2025-11-09,21:00:00,Miscellaneous,,,0.0,15.91,CAD,Fortune Sound Club,Vancouver,BC,CA,49.280528,-123.100751,ticketmaster,,2025-11-10 05:00:00+00:00,0.0
rZ7HnEZ1Af_ZPN,Future Nostalgia,https://www.ticketweb.ca/event/future-nostalgia-good-co-granville-tickets/14640963,2025-11-10T06:00:00Z,2025-11-09,22:00:00,Music,Pop,Pop,0.0,13.85,CAD,Good Co. Granville ,Vancouver,BC,CA,49.279781,-123.122588,ticketmaster,,2025-11-10 06:00:00+00:00,0.0
1Ae0ZbwGklGl8PP,Casa Loma General Admission,https://www.ticketweb.ca/event/casa-loma-general-admission-casa-loma-tickets/14551103?REFERRAL_ID=tmfeed,2025-11-10T14:30:00Z,2025-11-10,09:30:00,Miscellaneous,Undefined,Undefined,,,,Casa Loma,Toronto,ON,CA,43.67813770,-79.40961500,ticketmaster,,2025-11-10 14:30:00+00:00,
1AvZZbYGkRcw0I6,ARTMS <Grand Club Icarus> in Toronto,https://www.ticketmaster.ca/artms-grand-club-icarus-in-toronto-toronto-ontario-11-10-2025/event/1000630BEDCA4A07,2025-11-10T23:00:00Z,2025-11-10,18:00:00,Music,Pop,K-Pop,,,,The Danforth Music Hall,Toronto,ON,CA,43.67644920,-79.35710140,ticketmaster,,2025-11-10 23:00:00+00:00,
rZ7HnEZ1AffbaN,Robert Plant's Saving Grace ft. Suzi Dian,https://www.ticketweb.ca/event/robert-plants-saving-grace-ft-massey-hall-tickets/14518263,2025-11-10T23:30:00Z,2025-11-10,18:30:00,Music,Rock,Pop,1.0,1.0,CAD,Massey Hall,Toronto,ON,CA,43.653809,-79.378548,ticketmaster,,2025-11-10 23:30:00+00:00,1.0
rZ7HnEZ1AffEfS,Jens Lekman,https://www.ticketweb.ca/event/jens-lekman-the-great-hall-tickets/14527533,2025-11-11T00:00:00Z,2025-11-10,19:00:00,Music,Alternative,Alternative Rock,48.3,48.3,CAD,The Great Hall,Toronto,ON,CA,43.643360,-79.422060,ticketmaster,,2025-11-11 00:00:00+00:00,48.3
177ZvxG6G8MMUxZ,The Gabzy Experience: After Summer Tour,https://www.ticketmaster.ca/the-gabzy-experience-after-summer-tour-toronto-ontario-11-10-2025/event/100062C437DF6880,2025-11-11T00:00:00Z,2025-11-10,19:00:00,Music,World,World,,,,The Mod Club (formerly known as The Axis Club),Toronto,ON,CA,43.65516550,-79.41906360,ticketmaster,,2025-11-11 00:00:00+00:00,
1A8ZkabGkdoGwaR,SABRINA CARPENTER: SHORT N' SWEET TOUR,https://www.ticketmaster.ca/sabrina-carpenter-short-n-sweet-tour-toronto-ontario-11-10-2025/event/10006258D133226F,2025-11-11T00:00:00Z,2025-11-10,19:00:00,Music,Pop,Pop,,,,Scotiabank Arena,Toronto,ON,CA,43.64392540,-79.37832340,ticketmaster,,2025-11-11 00:00:00+00:00,
rZ7HnEZ1AfCpoN,Autoheart: The Heartlands Tour w/ Shayfer James,https://www.ticketweb.ca/event/autoheart-the-heartlands-tour-w-dickens-pub-tickets/14396463,2025-11-11T02:00:00Z,2025-11-10,19:00:00,Music,Alternative,Alternative,37.75,37.75,CAD,Dickens Pub,Calgary,AB,CA,51.04548611,-114.08399,ticketmaster,,2025-11-11 02:00:00+00:00,37.75
16v7ZbsC6G7wx2o,J.I.D - God Does Like Paradise Tour,https://ticketleader.ca/events/detail/jid25,2025-11-11T03:00:00Z,2025-11-10,19:00:00,Music,Hip-Hop/Rap,French Rap,,,,PNE Forum,Vancouver,BC,CA,49.28822700,-123.04407480,ticketmaster,,2025-11-11 03:00:00+00:00,
1778vxG6G1t_S34,Adam Melchor,https://www.ticketmaster.ca/adam-melchor-vancouver-british-columbia-11-10-2025/event/110062C2A9673495,2025-11-11T03:00:00Z,2025-11-10,19:00:00,Music,Folk,Indie Folk,,,,Hollywood Theatre,Vancouver,BC,CA,49.26444400,-123.17456100,ticketmaster,,2025-11-11 03:00:00+00:00,
16d7ZbS39G7yAwh,Visites Guidées Centre Bell - Bell Centre,https://www.ticketmaster.ca/visites-guidees-centre-bell-bell-centre-montreal-quebec-11-10-2025/event/3100633497E45C9B,2025-11-11T04:59:00Z,2025-11-10,23:59:00,Miscellaneous,Undefined,Undefined,,,,Centre Bell,Montreal,QC,CA,45.49612900,-73.57047200,ticketmaster,,2025-11-11 04:59:00+00:00,
1AtZkuNGkdDjv_c,We Are Robots & Friends (Free RSVP),https://www.ticketweb.ca/event/we-are-robots-friends-commonwealth-bar-stage-tickets/14663233?REFERRAL_ID=tmfeed,2025-11-11T05:00:00Z,2025-11-10,22:00:00,Music,Dance/Electronic,Witchstep,,,,Commonwealth Bar,Calgary,AB,CA,51.04357100,-114.07829800,ticketmaster,,2025-11-11 05:00:00+00:00,
rZ7HnEZ1AfbFpd,Manila Nights - Swagapino Night,https://www.ticketweb.ca/event/manila-nights-swagapino-fortune-sound-club-tickets/14608583,2025-11-11T06:00:00Z,2025-11-10,22:00:00,Miscellaneous,,,15.0,15.0,CAD,Fortune Sound Club,Vancouver,BC,CA,49.280528,-123.100751,ticketmaster,,2025-11-11 06:00:00+00:00,15.0
rZ7HnEZ1AffSaN,REAL LOVE: A R&B LOVE STORY,https://www.ticketweb.ca/event/real-love-a-rb-love-celebrities-nightclub-tickets/14533263,2025-11-11T06:00:00Z,2025-11-10,22:00:00,Music,Hip-Hop/Rap,Hip-Hop/Rap,35.36,35.36,CAD,Celebrities Nightclub,Vancouver,BC,CA,49.279417,-123.129937,ticketmaster,,2025-11-11 06:00:00+00:00,35.36
1Ae0ZbgGkW7kvpc,Midnight Mondays Long Weekend,https://www.ticketweb.ca/event/midnight-mondays-long-weekend-fortune-sound-club-tickets/14661273?REFERRAL_ID=tmfeed,2025-11-11T06:00:00Z,2025-11-10,22:00:00,Music,R&B,R&B,,,,Fortune Sound Club,Vancouver,BC,CA,49.28051970,-123.10073820,ticketmaster,,2025-11-11 06:00:00+00:00,
Z7r9jZ1A7qsvp,Midnight Mondays,https://www.ticketmaster.com/event/Z7r9jZ1A7qsvp,2025-11-11T06:00:00Z,2025-11-10,22:00:00,Undefined,,,,,,Fortune Sound Club,Vancouver,BC,CA,0,0,ticketmaster,,2025-11-11 06:00:00+00:00,
1Ae0ZbwGklGiZM-,Casa Loma General Admission,https://www.ticketweb.ca/event/casa-loma-general-admission-casa-loma-tickets/14551283?REFERRAL_ID=tmfeed,2025-11-11T14:30:00Z,2025-11-11,09:30:00,Miscellaneous,Undefined,Undefined,,,,Casa Loma,Toronto,ON,CA,43.67813770,-79.40961500,ticketmaster,,2025-11-11 14:30:00+00:00,
LvZ18Q82j9RD73OZvOUdO,DARKFIELD: SÉANCE | TORONTO,https://www.universe.com/events/darkfield-seance-toronto-tickets-51NJ8D?ref=ticketmaster,2025-11-11T22:30:00Z,2025-11-11,17:30:00,Arts & Theatre,Multimedia,Multimedia,,,,STACKT Market,Toronto,ON,CA,43.64095700,-79.40217000,ticketmaster,,2025-11-11 22:30:00+00:00,
177ZvxG6CLAm0DV,Death To All: Symbolic Healing Tour,https://www.ticketmaster.ca/death-to-all-symbolic-healing-tour-toronto-ontario-11-11-2025/event/100062E7C5BA4EF4,2025-11-11T23:00:00Z,2025-11-11,18:00:00,Music,Metal,Nu-Metal,,,,The Danforth Music Hall,Toronto,ON,CA,43.67644920,-79.35710140,ticketmaster,,2025-11-11 23:00:00+00:00,
LvZ18Q8CtEtcAa8ZvoP9F,DARKFIELD: FLIGHT | TORONTO,https://www.universe.com/events/darkfield-flight-toronto-tickets-BZ3WQG?ref=ticketmaster,2025-11-11T23:10:00Z,2025-11-11,18:10:00,Arts & Theatre,Multimedia,Multimedia,,,,STACKT Market,Toronto,ON,CA,43.64095700,-79.40217000,ticketmaster,,2025-11-11 23:10:00+00:00,
LvZ18Q82j9RD73OZvOUd-,DARKFIELD: SÉANCE | TORONTO,https://www.universe.com/events/darkfield-seance-toronto-tickets-51NJ8D?ref=ticketmaster,2025-11-11T23:30:00Z,2025-11-11,18:30:00,Arts & Theatre,Multimedia,Multimedia,,,,STACKT Market,Toronto,ON,CA,43.64095700,-79.40217000,ticketmaster,,2025-11-11 23:30:00+00:00,
rZ7HnEZ1Affb0S,Movie Night: Materialists,https://www.ticketweb.ca/event/movie-night-materialists-algonquin-commons-theatre-tickets/14518933,2025-11-12T00:00:00Z,2025-11-11,19:00:00,Undefined,,,0.0,0.0,CAD,Algonquin Commons Theatre,Ottawa,ON,CA,45.350340,-75.754730,ticketmaster,,2025-11-12 00:00:00+00:00,0.0
rZ7HnEZ1Af4_0S,Wax - Presented By F7 Live,https://www.ticketweb.ca/event/wax-presented-by-ausgang-plaza-tickets/14559933,2025-11-12T00:00:00Z,2025-11-11,19:00:00,Music,Hip-Hop/Rap,Urban,42.07,42.07,CAD,Ausgang Plaza,Montréal,QC,CA,45.536301,-73.603851,ticketmaster,,2025-11-12 00:00:00+00:00,42.07
rZ7HnEZ1AK-_r7,"Boys Night Out, Spitalfield, rosecoloredworld",https://www.ticketweb.ca/event/boys-night-out-spitalfield-rosecoloredworld-overflow-brewing-co-tickets/13859784,2025-11-12T00:00:00Z,2025-11-11,19:00:00,Music,Alternative,Alternative Rock,45.02,45.02,CAD,Overflow Brewing Co.,Ottawa,ON,CA,45.375920,-75.670060,ticketmaster,,2025-11-12 00:00:00+00:00,45.02
177ZvxG65RAg3DV,Mon Rovîa,https://www.ticketmaster.ca/mon-rovia-toronto-ontario-11-11-2025/event/100062BBC5D52EF4,2025-11-12T00:00:00Z,2025-11-11,19:00:00,Music,Rock,Pop,,,,The Opera House,Toronto,ON,CA,43.65900020,-79.34877430,ticketmaster,,2025-11-12 00:00:00+00:00,
177ZvxG6G8Mzpxe,The Gabzy Experience: After Summer Tour,https://www.ticketmaster.ca/the-gabzy-experience-after-summer-tour-toronto-ontario-11-11-2025/event/100062C437E16882,2025-11-12T00:00:00Z,2025-11-11,19:00:00,Music,Dance/Electronic,Witchstep,,,,The Mod Club (formerly known as The Axis Club),Toronto,ON,CA,43.65516550,-79.41906360,ticketmaster,,2025-11-12 00:00:00+00:00,
177ZvxG6GUNSwkE,Pinkshift - The Earthkeeper Tour,https://www.ticketmaster.ca/pinkshift-the-earthkeeper-tour-toronto-ontario-11-11-2025/event/100062CDA3CF21A7,2025-11-12T00:00:00Z,2025-11-11,19:00:00,Music,Rock,Punk,,,,Hard Luck Bar,Toronto,ON,CA,43.65211100,-79.40753700,ticketmaster,,2025-11-12 00:00:00+00:00,
1A8Zk1aGkdeKSdP,The Mars Volta,https://www.ticketmaster.ca/the-mars-volta-toronto-ontario-11-11-2025/event/10006289C24F30E5,2025-11-12T00:00:00Z,2025-11-11,19:00:00,Music,Rock,Alternative Rock,,,,History,Toronto,ON,CA,43.66684147,-79.31351149,ticketmaster,,2025-11-12 00:00:00+00:00,
1A8ZkaEGkdZFe9e,Andrew Cushin,https://www.ticketmaster.ca/andrew-cushin-toronto-ontario-11-11-2025/event/10006267C02025C2,2025-11-12T00:00:00Z,2025-11-11,19:00:00,Music,Rock,Pop,,,,The Drake Hotel,Toronto,ON,CA,43.64310780,-79.42464570,ticketmaster,,2025-11-12 00:00:00+00:00,
1AvZZbPGkljGK5r,SABRINA CARPENTER: SHORT N' SWEET TOUR,https://www.ticketmaster.ca/sabrina-carpenter-short-n-sweet-tour-toronto-ontario-11-11-2025/event/1000625ADC3132DE,2025-11-12T00:00:00Z,2025-11-11,19:00:00,Music,Pop,Pop,,,,Scotiabank Arena,Toronto,ON,CA,43.64392540,-79.37832340,ticketmaster,,2025-11-12 00:00:00+00:00,
1k7Zv-OzGA23YmJ,Knightwood Derby Championship  & CDI 3*-W Dressage Freestyle ,https://www.ticketmaster.ca/knightwood-derby-championship-cdi-3w-dressage-toronto-ontario-11-11-2025/event/100061838F4B0BA6,2025-11-12T00:00:00Z,2025-11-11,19:00:00,Sports,Equestrian,Equestrian,,,,Coca-Cola Coliseum,Toronto,ON,CA,43.63509680,-79.41572430,ticketmaster,,2025-11-12 00:00:00+00:00,
17G8vxG62QkEvIN,Montreal Canadiens vs. Los Angeles Kings,https://www.ticketmaster.ca/montreal-canadiens-vs-los-angeles-kings-montreal-quebec-11-11-2025/event/310062F6869C1A23,2025-11-12T00:00:00Z,2025-11-11,19:00:00,Sports,Hockey,NHL,,,,Centre Bell,Montreal,QC,CA,45.49612900,-73.57047200,ticketmaster,,2025-11-12 00:00:00+00:00,
1Ae0ZbwGkIdRsQk,"Chilliwack - Gone, Gone, Gone, Farewell To Friends Tour",https://www.ticketweb.ca/event/chilliwack-gone-gone-the-bronson-tickets/14552683?REFERRAL_ID=tmfeed,2025-11-12T00:00:00Z,2025-11-11,19:00:00,Music,Rock,Pop,,,,The Bronson,Ottawa,ON,CA,45.41339140,-75.70662940,ticketmaster,,2025-11-12 00:00:00+00:00,
1kG8vNv_GAuw3vx,Ottawa Senators vs. Dallas Stars,https://www.ticketmaster.ca/ottawa-senators-vs-dallas-stars-kanata-ontario-11-11-2025/event/310063059DC92062,2025-11-12T00:00:00Z,2025-11-11,19:00:00,Sports,Hockey,NHL,,,,Canadian Tire Centre,Kanata,ON,CA,45.2965202,-75.9271956,ticketmaster,,2025-11-12 00:00:00+00:00,
LvZ18Q8CtEtcAa8ZvoP9a,DARKFIELD: FLIGHT | TORONTO,https://www.universe.com/events/darkfield-flight-toronto-tickets-BZ3WQG?ref=ticketmaster,2025-11-12T00:10:00Z,2025-11-11,19:10:00,Arts & Theatre,Multimedia,Multimedia,,,,STACKT Market,Toronto,ON,CA,43.64095700,-79.40217000,ticketmaster,,2025-11-12 00:10:00+00:00,
177ZvxG62dJwA5t,Music TORONTO: Michelle Cann,https://www.ticketmaster.ca/music-toronto-michelle-cann-toronto-ontario-11-11-2025/event/100062F0E6C852E9,2025-11-12T00:30:00Z,2025-11-11,19:30:00,Arts & Theatre,Classical,Classical/Vocal,,,,Jane Mallett Theatre,Toronto,ON,CA,43.64703840,-79.37545850,ticketmaster,,2025-11-12 00:30:00+00:00,
LvZ18Q82j9RD73OZvOUdx,DARKFIELD: SÉANCE | TORONTO,https://www.universe.com/events/darkfield-seance-toronto-tickets-51NJ8D?ref=ticketmaster,2025-11-12T00:30:00Z,2025-11-11,19:30:00,Arts & Theatre,Multimedia,Multimedia,,,,STACKT Market,Toronto,ON,CA,43.64095700,-79.40217000,ticketmaster,,2025-11-12 00:30:00+00:00,
17G8vxG6uBTJSB3,The Debaters Live,https://www.ticketmaster.ca/the-debaters-live-montreal-quebec-11-11-2025/event/310062DEBF9B3E92,2025-11-12T00:30:00Z,2025-11-11,19:30:00,Arts & Theatre,Comedy,Comedy,,,,L'Olympia,Montreal,QC,CA,45.51701000,-73.55687400,ticketmaster,,2025-11-12 00:30:00+00:00,
rZ7HnEZ1AffE8d,Rocket,https://www.ticketweb.ca/event/rocket-the-garrison-tickets/14527403,2025-11-12T01:00:00Z,2025-11-11,20:00:00,Music,Rock,Alternative Rock,29.25,29.25,CAD,The Garrison,Toronto,ON,CA,43.649130,-79.422350,ticketmaster,,2025-11-12 01:00:00+00:00,29.25
17G8vxG61xOnPee,MATTHEW GOOD AND HIS BAND with I MOTHER EARTH,https://www.ticketmaster.ca/matthew-good-and-his-band-with-montreal-quebec-11-11-2025/event/310062A8A0AA5082,2025-11-12T01:00:00Z,2025-11-11,20:00:00,Music,Rock,Alternative Rock,,,,MTELUS,Montreal,QC,CA,45.51053480,-73.56337200,ticketmaster,,2025-11-12 01:00:00+00:00,
LvZ18Q7lSaw0i0YZc3fJZ,LIAM ST. JOHN,https://www.universe.com/events/liam-st-john-tickets-34LPS0?ref=ticketmaster,2025-11-12T01:00:00Z,2025-11-11,20:00:00,,,,,,,Bar le Ritz PDB,Montreal,QC,CA,45.53277000,-73.62028000,ticketmaster,,2025-11-12 01:00:00+00:00,
1778vxG62kHE7C0,Calgary Wranglers vs Ontario Reign - Remembrance Day,https://www.ticketmaster.ca/calgary-wranglers-vs-ontario-reign-remembrance-calgary-alberta-11-11-2025/event/110062F1BC9C43A4,2025-11-12T01:00:00Z,2025-11-11,18:00:00,Sports,Hockey,AHL,,,,Scotiabank Saddledome,Calgary,AB,CA,51.03856260,-114.05248790,ticketmaster,,2025-11-12 01:00:00+00:00,
LvZ18Q8CtEtcAa8ZvoP91,DARKFIELD: FLIGHT | TORONTO,https://www.universe.com/events/darkfield-flight-toronto-tickets-BZ3WQG?ref=ticketmaster,2025-11-12T01:10:00Z,2025-11-11,20:10:00,Arts & Theatre,Multimedia,Multimedia,,,,STACKT Market,Toronto,ON,CA,43.64095700,-79.40217000,ticketmaster,,2025-11-12 01:10:00+00:00,
LvZ18Q82j9RD73OZvOUdN,DARKFIELD: SÉANCE | TORONTO,https://www.universe.com/events/darkfield-seance-toronto-tickets-51NJ8D?ref=ticketmaster,2025-11-12T01:30:00Z,2025-11-11,20:30:00,Arts & Theatre,Multimedia,Multimedia,,,,STACKT Market,Toronto,ON,CA,43.64095700,-79.40217000,ticketmaster,,2025-11-12 01:30:00+00:00,
1778vxG6Cx9_xuw,Set It Off: The Self Titled Tour,https://www.ticketmaster.ca/set-it-off-the-self-titled-vancouver-british-columbia-11-11-2025/event/110062E897662372,2025-11-12T02:00:00Z,2025-11-11,18:00:00,Music,Pop,Pop,,,,Commodore Ballroom,Vancouver,BC,CA,49.28064620,-123.12086520,ticketmaster,,2025-11-12 02:00:00+00:00,
1778vxG615epfq5,Wyatt Flores,https://www.ticketmaster.ca/wyatt-flores-calgary-alberta-11-11-2025/event/110062A2C259474B,2025-11-12T02:00:00Z,2025-11-11,19:00:00,Music,Country,Country,,,,The Palace Theatre,Calgary,AB,CA,51.04563260,-114.06709850,ticketmaster,,2025-11-12 02:00:00+00:00,
LvZ18Q8CtEtcAa8ZvoP95,DARKFIELD: FLIGHT | TORONTO,https://www.universe.com/events/darkfield-flight-toronto-tickets-BZ3WQG?ref=ticketmaster,2025-11-12T02:10:00Z,2025-11-11,21:10:00,Arts & Theatre,Multimedia,Multimedia,,,,STACKT Market,Toronto,ON,CA,43.64095700,-79.40217000,ticketmaster,,2025-11-12 02:10:00+00:00,
LvZ18Q82j9RD73OZvOUd0,DARKFIELD: SÉANCE | TORONTO,https://www.universe.com/events/darkfield-seance-toronto-tickets-51NJ8D?ref=ticketmaster,2025-11-12T02:30:00Z,2025-11-11,21:30:00,Arts & Theatre,Multimedia,Multimedia,,,,STACKT Market,Toronto,ON,CA,43.64095700,-79.40217000,ticketmaster,,2025-11-12 02:30:00+00:00,
1778vxG6CRbZfSM,Vancouver Canucks vs. Winnipeg Jets,https://www.ticketmaster.ca/vancouver-canucks-vs-winnipeg-jets-vancouver-british-columbia-11-11-2025/event/110062EBD8014CF7,2025-11-12T03:00:00Z,2025-11-11,19:00:00,Sports,Hockey,NHL,,,,Rogers Arena,Vancouver,BC,CA,49.27766120,-123.10810740,ticketmaster,,2025-11-12 03:00:00+00:00,
LvZ18Q8CtEtcAa8ZvoP9G,DARKFIELD: FLIGHT | TORONTO,https://www.universe.com/events/darkfield-flight-toronto-tickets-BZ3WQG?ref=ticketmaster,2025-11-12T03:10:00Z,2025-11-11,22:10:00,Arts & Theatre,Multimedia,Multimedia,,,,STACKT Market,Toronto,ON,CA,43.64095700,-79.40217000,ticketmaster,,2025-11-12 03:10:00+00:00,
16d7ZbS39G7yPwx,Visites Guidées Centre Bell - Bell Centre,https://www.ticketmaster.ca/visites-guidees-centre-bell-bell-centre-montreal-quebec-11-11-2025/event/3100633497E65CA2,2025-11-12T04:59:00Z,2025-11-11,23:59:00,Miscellaneous,Undefined,Undefined,,,,Centre Bell,Montreal,QC,CA,45.49612900,-73.57047200,ticketmaster,,2025-11-12 04:59:00+00:00,
1Ae0ZbwGklGmodU,Casa Loma General Admission,https://www.ticketweb.ca/event/casa-loma-general-admission-casa-loma-tickets/14551343?REFERRAL_ID=tmfeed,2025-11-12T14:30:00Z,2025-11-12,09:30:00,Miscellaneous,Undefined,Undefined,,,,Casa Loma,Toronto,ON,CA,43.67813770,-79.40961500,ticketmaster,,2025-11-12 14:30:00+00:00,
LvZ18Q82j9RD73OZvOUdP,DARKFIELD: SÉANCE | TORONTO,https://www.universe.com/events/darkfield-seance-toronto-tickets-51NJ8D?ref=ticketmaster,2025-11-12T22:30:00Z,2025-11-12,17:30:00,Arts & Theatre,Multimedia,Multimedia,,,,STACKT Market,Toronto,ON,CA,43.64095700,-79.40217000,ticketmaster,,2025-11-12 22:30:00+00:00,
rZ7HnEZ1AKPbAV,Chloe Ament w/ Tori Templet at Hard Luck Bar (ALL AGES),https://www.ticketweb.ca/event/chloe-ament-w-tori-templet-hard-luck-bar-tickets/13958174,2025-11-12T23:00:00Z,2025-11-12,18:00:00,Music,Alternative,Alternative,20.47,20.47,CAD,Hard Luck Bar,Toronto,ON,CA,43.652150,-79.407552,ticketmaster,,2025-11-12 23:00:00+00:00,20.47
LvZ18Q8CtEtcAa8ZvoP9u,DARKFIELD: FLIGHT | TORONTO,https://www.universe.com/events/darkfield-flight-toronto-tickets-BZ3WQG?ref=ticketmaster,2025-11-12T23:10:00Z,2025-11-12,18:10:00,Arts & Theatre,Multimedia,Multimedia,,,,STACKT Market,Toronto,ON,CA,43.64095700,-79.40217000,ticketmaster,,2025-11-12 23:10:00+00:00,
LvZ18Q82j9RD73OZvOUdJ,DARKFIELD: SÉANCE | TORONTO,https://www.universe.com/events/darkfield-seance-toronto-tickets-51NJ8D?ref=ticketmaster,2025-11-12T23:30:00Z,2025-11-12,18:30:00,Arts & Theatre,Multimedia,Multimedia,,,,STACKT Market,Toronto,ON,CA,43.64095700,-79.40217000,ticketmaster,,2025-11-12 23:30:00+00:00,
rZ7HnEZ1AffEaK,The Arcadian Wild,https://www.ticketweb.ca/event/the-arcadian-wild-drake-underground-tickets/14527253,2025-11-13T00:00:00Z,2025-11-12,19:00:00,Music,Folk,Folk,29.51,29.51,CAD,Drake Underground,Toronto,ON,CA,43.643290,-79.424630,ticketmaster,,2025-11-13 00:00:00+00:00,29.51
rZ7HnEZ1Aff_oN,Beach Fossils,https://www.ticketweb.ca/event/beach-fossils-the-concert-hall-tickets/14519463,2025-11-13T00:00:00Z,2025-11-12,19:00:00,Music,Alternative,Indie Rock,42.89,42.89,CAD,The Concert Hall,Toronto,ON,CA,43.673080,-79.388420,ticketmaster,,2025-11-13 00:00:00+00:00,42.89
rZ7HnEZ1Af4bAd,Wax - Presented By F7 Live,https://www.ticketweb.ca/event/wax-presented-by-the-horseshoe-tavern-tickets/14558143,2025-11-13T00:00:00Z,2025-11-12,19:00:00,Music,Hip-Hop/Rap,Urban,45.08,45.08,CAD,The Horseshoe Tavern,Toronto,ON,CA,43.649110,-79.395880,ticketmaster,,2025-11-13 00:00:00+00:00,45.08
rZ7HnEZ1Af4gFN,DANNY BROWN - STARDUST TOUR,https://www.ticketweb.ca/event/danny-brown-stardust-rebel-tickets/14575223,2025-11-13T00:00:00Z,2025-11-12,19:00:00,Music,Hip-Hop/Rap,Hip-Hop/Rap,52.18,64.88,CAD,REBEL,Toronto,ON,CA,43.640897,-79.354593,ticketmaster,,2025-11-13 00:00:00+00:00,52.18
177ZvxG62dnhgod,Sitar for Mental Health Experience by Rishab Rikhiram Sharma,https://www.ticketmaster.ca/sitar-for-mental-health-experience-by-toronto-ontario-11-12-2025/event/100062F0EA6F5443,2025-11-13T00:00:00Z,2025-11-12,19:00:00,Music,World,World,,,,Meridian Hall,Toronto,ON,CA,43.64681820,-79.37666570,ticketmaster,,2025-11-13 00:00:00+00:00,
177ZvxG6G2RR9EW,Jessie J - No Secrets Tour,https://www.ticketmaster.ca/jessie-j-no-secrets-tour-toronto-ontario-11-12-2025/event/100062C3EFBD79FD,2025-11-13T00:00:00Z,2025-11-12,19:00:00,Music,Pop,Pop,,,,The Danforth Music Hall,Toronto,ON,CA,43.67644920,-79.35710140,ticketmaster,,2025-11-13 00:00:00+00:00,
1A8ZkGIGkeWl3za,Anson Seabra: You'll Always Be Mine Tour,https://www.ticketmaster.ca/anson-seabra-youll-always-be-mine-toronto-ontario-11-12-2025/event/10006328BDAD2E09,2025-11-13T00:00:00Z,2025-11-12,19:00:00,Music,Pop,Pop,,,,The Mod Club (formerly known as The Axis Club),Toronto,ON,CA,43.65516550,-79.41906360,ticketmaster,,2025-11-13 00:00:00+00:00,
1AvZZbwGkRqK0Y1,Khamari - To Dry a Tear Tour,https://www.ticketmaster.ca/khamari-to-dry-a-tear-tour-toronto-ontario-11-12-2025/event/1000632BDD4E4C0A,2025-11-13T00:00:00Z,2025-11-12,19:00:00,Music,R&B,R&B,,,,The Danforth Music Hall,Toronto,ON,CA,43.67644920,-79.35710140,ticketmaster,,2025-11-13 00:00:00+00:00,
1k7Zv-OzGA2K8mI,Opening Night International Show Jumping - The McKee 5* Challenge Show,https://www.ticketmaster.ca/opening-night-international-show-jumping-the-toronto-ontario-11-12-2025/event/100061838F4D0BA8,2025-11-13T00:00:00Z,2025-11-12,19:00:00,Sports,Equestrian,Equestrian,,,,Coca-Cola Coliseum,Toronto,ON,CA,43.63509680,-79.41572430,ticketmaster,,2025-11-13 00:00:00+00:00,
1k7ZvN1FGACao1k,"""Monster Energy Outbreak"" Presents 4batz: Im Still Shinin Tour",https://www.ticketmaster.ca/monster-energy-outbreak-presents-4batz-im-toronto-ontario-11-12-2025/event/100063288E251286,2025-11-13T00:00:00Z,2025-11-12,19:00:00,Music,Hip-Hop/Rap,French Rap,,,,The Phoenix Concert Theatre,Toronto,ON,CA,43.66446150,-79.37359930,ticketmaster,,2025-11-13 00:00:00+00:00,
17G8vxG6CKxqAnd,Death To All: Symbolic Healing Tour,https://www.ticketmaster.ca/death-to-all-symbolic-healing-tour-montreal-quebec-11-12-2025/event/310062E4E2745A83,2025-11-13T00:00:00Z,2025-11-12,19:00:00,Music,Metal,Nu-Metal,,,,MTELUS,Montreal,QC,CA,45.51053480,-73.56337200,ticketmaster,,2025-11-13 00:00:00+00:00,
LvZ18Q8CtEtcAa8ZvoP9C,DARKFIELD: FLIGHT | TORONTO,https://www.universe.com/events/darkfield-flight-toronto-tickets-BZ3WQG?ref=ticketmaster,2025-11-13T00:10:00Z,2025-11-12,19:10:00,Arts & Theatre,Multimedia,Multimedia,,,,STACKT Market,Toronto,ON,CA,43.64095700,-79.40217000,ticketmaster,,2025-11-13 00:10:00+00:00,
rZ7HnEZ1Aff6Jd,Kyohei Sorita Concert 2025,https://www.ticketweb.ca/event/kyohei-sorita-concert-2025-japanese-canadian-cultural-centre-tickets/14507983,2025-11-13T00:30:00Z,2025-11-12,19:30:00,Undefined,,,36.9,77.7,CAD,Japanese Canadian Cultural Centre,Toronto,ON,CA,43.792780,-79.413190,ticketmaster,,2025-11-13 00:30:00+00:00,36.9
LvZ18Q82j9RD73OZvOUdE,DARKFIELD: SÉANCE | TORONTO,https://www.universe.com/events/darkfield-seance-toronto-tickets-51NJ8D?ref=ticketmaster,2025-11-13T00:30:00Z,2025-11-12,19:30:00,Arts & Theatre,Multimedia,Multimedia,,,,STACKT Market,Toronto,ON,CA,43.64095700,-79.40217000,ticketmaster,,2025-11-13 00:30:00+00:00,
1Ad7ZbwGkXbE-3m,Mongolian Folk Rock Across Canada - Hanggai,https://www.ticketmaster.ca/mongolian-folk-rock-across-canada-hanggai-montreal-quebec-11-12-2025/event/3100632F989E14AE,2025-11-13T00:30:00Z,2025-11-12,19:30:00,Music,Rock,Pop,,,,L'Olympia,Montreal,QC,CA,45.51701000,-73.55687400,ticketmaster,,2025-11-13 00:30:00+00:00,
rZ7HnEZ1Aff_Fd,Hannah Frances,https://www.ticketweb.ca/event/hannah-frances-the-baby-g-tickets/14519203,2025-11-13T01:00:00Z,2025-11-12,20:00:00,Music,Pop,Singer-Songwriter,29.25,29.25,CAD,The Baby G,Toronto,ON,CA,43.650019,-79.435404,ticketmaster,,2025-11-13 01:00:00+00:00,29.25
rZ7HnEZ1AK-k70,Dan Whitlam with BOYFRN,https://www.ticketweb.ca/event/dan-whitlam-with-boyfrn-the-dance-cave-tickets/13846124,2025-11-13T01:00:00Z,2025-11-12,20:00:00,Music,Hip-Hop/Rap,Hip-Hop/Rap,30.75,30.75,CAD,The Dance Cave,Toronto,ON,CA,43.665244,-79.409452,ticketmaster,,2025-11-13 01:00:00+00:00,30.75
17G8vxG61Jav3-V,Allan Rayman,https://www.ticketmaster.ca/allan-rayman-montreal-quebec-11-12-2025/event/310062A989052874,2025-11-13T01:00:00Z,2025-11-12,20:00:00,Music,Rock,Pop,,,,Le Studio TD,Montreal,QC,CA,45.50641090,-73.56686150,ticketmaster,,2025-11-13 01:00:00+00:00,
LvZ18QebpV2oO93YCe2hN,MON ROVÎA,https://www.universe.com/events/mon-rovia-tickets-8ZK0QX?ref=ticketmaster,2025-11-13T01:00:00Z,2025-11-12,20:00:00,Music,Rock,Folk Rock,,,,Fairmount Theatre,Montreal,QC,CA,45.52055000,-73.59846000,ticketmaster,,2025-11-13 01:00:00+00:00,
Z7r9jZ1A7Qe4Z,"National Arts Centre Orchestra: Mozart, Shostakovich, Hayato Sumno",https://www.ticketmaster.com/event/Z7r9jZ1A7Qe4Z,2025-11-13T01:00:00Z,2025-11-12,20:00:00,Music,Other,Other,,,,National Arts Centre,Ottawa,ON,CA,0,0,ticketmaster,,2025-11-13 01:00:00+00:00,
LvZ18Q8CtEtcAa8ZvoP92,DARKFIELD: FLIGHT | TORONTO,https://www.universe.com/events/darkfield-flight-toronto-tickets-BZ3WQG?ref=ticketmaster,2025-11-13T01:10:00Z,2025-11-12,20:10:00,Arts & Theatre,Multimedia,Multimedia,,,,STACKT Market,Toronto,ON,CA,43.64095700,-79.40217000,ticketmaster,,2025-11-13 01:10:00+00:00,
rZ7HnEZ1Af438d,"Crywank, Awesome 360",https://www.ticketweb.ca/event/crywank-awesome-360-rainbow-bistro-tickets/14552403,2025-11-13T01:30:00Z,2025-11-12,20:30:00,Music,Folk,Anti-Folk,33.53,33.53,CAD,Rainbow Bistro,Ottawa,ON,CA,45.42969845927739,-75.69382528589892,ticketmaster,,2025-11-13 01:30:00+00:00,33.53
rZ7HnEZ1Afuk4N,Hollerado,https://www.ticketweb.ca/event/hollerado-club-saw-tickets/14346563,2025-11-13T01:30:00Z,2025-11-12,20:30:00,Music,Alternative,Alternative Rock,50.17,50.17,CAD,Club SAW,Ottawa,ON,CA,45.425208,-75.688675,ticketmaster,,2025-11-13 01:30:00+00:00,50.17
LvZ18Q82j9RD73OZvOUdI,DARKFIELD: SÉANCE | TORONTO,https://www.universe.com/events/darkfield-seance-toronto-tickets-51NJ8D?ref=ticketmaster,2025-11-13T01:30:00Z,2025-11-12,20:30:00,Arts & Theatre,Multimedia,Multimedia,,,,STACKT Market,Toronto,ON,CA,43.64095700,-79.40217000,ticketmaster,,2025-11-13 01:30:00+00:00,
1778vxG62kHEVCE,Calgary Wranglers vs Ontario Reign,https://www.ticketmaster.ca/calgary-wranglers-vs-ontario-reign-calgary-alberta-11-12-2025/event/110062F1BC9F43A7,2025-11-13T02:00:00Z,2025-11-12,19:00:00,Sports,Hockey,AHL,,,,Scotiabank Saddledome,Calgary,AB,CA,51.03856260,-114.05248790,ticketmaster,,2025-11-13 02:00:00+00:00,
LvZ18Q8CtEtcAa8ZvoP98,DARKFIELD: FLIGHT | TORONTO,https://www.universe.com/events/darkfield-flight-toronto-tickets-BZ3WQG?ref=ticketmaster,2025-11-13T02:10:00Z,2025-11-12,21:10:00,Arts & Theatre,Multimedia,Multimedia,,,,STACKT Market,Toronto,ON,CA,43.64095700,-79.40217000,ticketmaster,,2025-11-13 02:10:00+00:00,
LvZ18Q82j9RD73OZvOUdt,DARKFIELD: SÉANCE | TORONTO,https://www.universe.com/events/darkfield-seance-toronto-tickets-51NJ8D?ref=ticketmaster,2025-11-13T02:30:00Z,2025-11-12,21:30:00,Arts & Theatre,Multimedia,Multimedia,,,,STACKT Market,Toronto,ON,CA,43.64095700,-79.40217000,ticketmaster,,2025-11-13 02:30:00+00:00,
rZ7HnEZ1AK-O1f,Virginia To Vegas with Kaiya Gamble,https://www.ticketweb.ca/event/virginia-to-vegas-with-kaiya-modern-love-tickets/13860294,2025-11-13T03:00:00Z,2025-11-12,20:00:00,Music,Pop,Pop,32.83,32.83,CAD,Modern Love,Calgary,AB,CA,51.042412,-114.075012,ticketmaster,,2025-11-13 03:00:00+00:00,32.83
rZ7HnEZ1Af1fbd,GoGo Penguin with Special Guests,https://www.ticketweb.ca/event/gogo-penguin-with-special-guests-bella-concert-hall-tickets/14294603,2025-11-13T03:00:00Z,2025-11-12,20:00:00,Music,Dance/Electronic,Electro-Jazz,62.08,62.08,CAD,Bella Concert Hall - Mount Royal University,Calgary,AB,CA,51.01113400,-114.13183000,ticketmaster,,2025-11-13 03:00:00+00:00,62.08
1Av7ZbJGkUo739i,Maddie Zahm - The Sad & Sexy Tour,https://www.ticketmaster.ca/maddie-zahm-the-sad-sexy-tour-vancouver-british-columbia-11-12-2025/event/1100626D911125EC,2025-11-13T03:00:00Z,2025-11-12,19:00:00,Music,Pop,Pop,,,,Fortune Sound Club,Vancouver,BC,CA,49.28051970,-123.10073820,ticketmaster,,2025-11-13 03:00:00+00:00,
LvZ18Q8CtEtcAa8ZvoP9o,DARKFIELD: FLIGHT | TORONTO,https://www.universe.com/events/darkfield-flight-toronto-tickets-BZ3WQG?ref=ticketmaster,2025-11-13T03:10:00Z,2025-11-12,22:10:00,Arts & Theatre,Multimedia,Multimedia,,,,STACKT Market,Toronto,ON,CA,43.64095700,-79.40217000,ticketmaster,,2025-11-13 03:10:00+00:00,
rZ7HnEZ1AKO-87,Lady Wray with The Sextones & DJ Keith McCafferty,https://www.ticketweb.ca/event/lady-wray-with-the-sextones-the-pearl-tickets/13821404,2025-11-13T04:00:00Z,2025-11-12,20:00:00,Music,R&B,Soul,36.89,39.46,CAD,The Pearl,Vancouver,BC,CA,49.280658,-123.121407,ticketmaster,,2025-11-13 04:00:00+00:00,36.89
rZ7HnEZ1AKOAQf,"bar italia, voyeur",https://www.ticketweb.ca/event/bar-italia-voyeur-hollywood-theatre-tickets/13805694,2025-11-13T04:00:00Z,2025-11-12,20:00:00,Music,Alternative,Shoegaze,43.49,43.49,CAD,Hollywood Theatre,Vancouver,BC,CA,49.264440,-123.174560,ticketmaster,,2025-11-13 04:00:00+00:00,43.49
1778vxG65pqawYz,SIGUR RÓS with WORDLESS MUSIC ORCHESTRA,https://www.ticketmaster.ca/sigur-ros-with-wordless-music-orchestra-vancouver-british-columbia-11-12-2025/event/110062B59D272C38,2025-11-13T04:00:00Z,2025-11-12,20:00:00,Music,Rock,Pop,,,,Queen Elizabeth Theatre,Vancouver,BC,CA,49.27774690,-123.11748170,ticketmaster,,2025-11-13 04:00:00+00:00,
Z7r9jZ1A7j3oe,Modi,https://www.ticketmaster.com/event/Z7r9jZ1A7j3oe,2025-11-13T04:00:00Z,2025-11-12,20:00:00,Arts & Theatre,Miscellaneous,Miscellaneous,,,,Vogue Theatre-BC,Vancouver,BC,CA,0,0,ticketmaster,,2025-11-13 04:00:00+00:00,
1A8Zku9GkdvwcDq,Premium Guided Tours of Scotiabank Arena,https://www.ticketmaster.ca/premium-guided-tours-of-scotiabank-arena-toronto-ontario-11-12-2025/event/10006357C1CADEDD,2025-11-13T04:59:00Z,2025-11-12,23:59:00,Miscellaneous,Undefined,Undefined,,,,Scotiabank Arena,Toronto,ON,CA,43.64392540,-79.37832340,ticketmaster,,2025-11-13 04:59:00+00:00,
1k7ZvNf6GAG-fyB,Guided Tours of Scotiabank Arena,https://www.ticketmaster.ca/guided-tours-of-scotiabank-arena-toronto-ontario-11-12-2025/event/100063507C854E7A,2025-11-13T04:59:00Z,2025-11-12,23:59:00,Miscellaneous,Undefined,Undefined,,,,Scotiabank Arena,Toronto,ON,CA,43.64392540,-79.37832340,ticketmaster,,2025-11-13 04:59:00+00:00,
16d7ZbS39G7BAw0,Visites Guidées Centre Bell - Bell Centre,https://www.ticketmaster.ca/visites-guidees-centre-bell-bell-centre-montreal-quebec-11-12-2025/event/3100633497E85CA4,2025-11-13T04:59:00Z,2025-11-12,23:59:00,Miscellaneous,Undefined,Undefined,,,,Centre Bell,Montreal,QC,CA,45.49612900,-73.57047200,ticketmaster,,2025-11-13 04:59:00+00:00,
1Ae0ZbwGklGRvaZ,Casa Loma General Admission,https://www.ticketweb.ca/event/casa-loma-general-admission-casa-loma-tickets/14551333?REFERRAL_ID=tmfeed,2025-11-13T14:30:00Z,2025-11-13,09:30:00,Miscellaneous,Undefined,Undefined,,,,Casa Loma,Toronto,ON,CA,43.67813770,-79.40961500,ticketmaster,,2025-11-13 14:30:00+00:00,
1k78vNApGAuUvdy,SAIT 2025 Fall Convocation,https://www.ticketmaster.ca/sait-2025-fall-convocation-calgary-alberta-11-13-2025/event/110063156DD810F9,2025-11-13T16:00:00Z,2025-11-13,09:00:00,Miscellaneous,Undefined,Undefined,,,,Southern Alberta Jubilee Auditorium,Calgary,AB,CA,51.06309700,-114.09203100,ticketmaster,,2025-11-13 16:00:00+00:00,
1k78vNApGAuTvk_,SAIT 2025 Fall Convocation,https://www.ticketmaster.ca/sait-2025-fall-convocation-calgary-alberta-11-13-2025/event/110063156DFC1199,2025-11-13T20:00:00Z,2025-11-13,13:00:00,Miscellaneous,Undefined,Undefined,,,,Southern Alberta Jubilee Auditorium,Calgary,AB,CA,51.06309700,-114.09203100,ticketmaster,,2025-11-13 20:00:00+00:00,
LvZ18Q82j9RD73OZvOUdn,DARKFIELD: SÉANCE | TORONTO,https://www.universe.com/events/darkfield-seance-toronto-tickets-51NJ8D?ref=ticketmaster,2025-11-13T22:30:00Z,2025-11-13,17:30:00,Arts & Theatre,Multimedia,Multimedia,,,,STACKT Market,Toronto,ON,CA,43.64095700,-79.40217000,ticketmaster,,2025-11-13 22:30:00+00:00,
177ZvxG65Jap-ug,P1 with Matt & Tommy: The Delusion Tour,https://www.ticketmaster.ca/p1-with-matt-tommy-the-delusion-toronto-ontario-11-13-2025/event/100062B9895A1375,2025-11-13T23:00:00Z,2025-11-13,18:00:00,Arts & Theatre,Theatre,Podcast,,,,The Danforth Music Hall,Toronto,ON,CA,43.67644920,-79.35710140,ticketmaster,,2025-11-13 23:00:00+00:00,
LvZ18Q8CtEtcAa8ZvoP93,DARKFIELD: FLIGHT | TORONTO,https://www.universe.com/events/darkfield-flight-toronto-tickets-BZ3WQG?ref=ticketmaster,2025-11-13T23:10:00Z,2025-11-13,18:10:00,Arts & Theatre,Multimedia,Multimedia,,,,STACKT Market,Toronto,ON,CA,43.64095700,-79.40217000,ticketmaster,,2025-11-13 23:10:00+00:00,
LvZ18Q82j9RD73OZvOUdl,DARKFIELD: SÉANCE | TORONTO,https://www.universe.com/events/darkfield-seance-toronto-tickets-51NJ8D?ref=ticketmaster,2025-11-13T23:30:00Z,2025-11-13,18:30:00,Arts & Theatre,Multimedia,Multimedia,,,,STACKT Market,Toronto,ON,CA,43.64095700,-79.40217000,ticketmaster,,2025-11-13 23:30:00+00:00,
17G8vxG6CKuAAbq,Gala de boxe EOTTM: Steven 'Bang Bang' Butler contre Stephane Fondjo,https://www.ticketmaster.ca/gala-de-boxe-eottm-steven-bang-montreal-quebec-11-13-2025/event/310062E4CD14561D,2025-11-13T23:30:00Z,2025-11-13,18:30:00,Sports,Boxing,Boxing,,,,CABARET DU CASINO DE MONTREAL,Montreal,QC,CA,45.50670840,-73.52595120,ticketmaster,,2025-11-13 23:30:00+00:00,
1AoZkGUGketqpjB,MLS Cup Playoffs Rd 1 Match 3: Whitecaps FC v FC Dallas *If Necessary,https://www.ticketmaster.ca/mls-cup-playoffs-rd-1-match-vancouver-british-columbia-11-07-2025/event/11006336A975673A,,2025-11-07,,Sports,Soccer,MLS,,,,BC Place,Vancouver,BC,CA,49.27606880,-123.11271170,ticketmaster,,,
